code,region,year,count
S12000033,Aberdeen City,2017,1225
S12000033,Aberdeen City,2018,1200
S12000033,Aberdeen City,2019,1190
S12000033,Aberdeen City,2020,1155
S12000033,Aberdeen City,2021,1120
S12000033,Aberdeen City,2022,1140
S12000034,Aberdeenshire,2017,1115
S12000034,Aberdeenshire,2018,1110
S12000034,Aberdeenshire,2019,1105
S12000034,Aberdeenshire,2020,1075
S12000034,Aberdeenshire,2021,1070
S12000034,Aberdeenshire,2022,1080
E07000223,Adur,2017,245
E07000223,Adur,2018,225
E07000223,Adur,2019,230
E07000223,Adur,2020,230
E07000223,Adur,2021,240
E07000223,Adur,2022,245
E07000026,Allerdale,2017,415
E07000026,Allerdale,2018,415
E07000026,Allerdale,2019,400
E07000026,Allerdale,2020,390
E07000026,Allerdale,2021,410
E07000026,Allerdale,2022,415
E07000032,Amber Valley,2017,520
E07000032,Amber Valley,2018,535
E07000032,Amber Valley,2019,545
E07000032,Amber Valley,2020,540
E07000032,Amber Valley,2021,530
E07000032,Amber Valley,2022,555
S12000041,Angus,2017,360
S12000041,Angus,2018,370
S12000041,Angus,2019,370
S12000041,Angus,2020,350
S12000041,Angus,2021,350
S12000041,Angus,2022,355
N09000001,Antrim and Newtownabbey,2017,490
N09000001,Antrim and Newtownabbey,2018,480
N09000001,Antrim and Newtownabbey,2019,470
N09000001,Antrim and Newtownabbey,2020,480
N09000001,Antrim and Newtownabbey,2021,485
N09000001,Antrim and Newtownabbey,2022,495
N09000011,Ards and North Down,2017,485
N09000011,Ards and North Down,2018,495
N09000011,Ards and North Down,2019,485
N09000011,Ards and North Down,2020,475
N09000011,Ards and North Down,2021,470
N09000011,Ards and North Down,2022,475
S12000035,Argyll and Bute,2017,380
S12000035,Argyll and Bute,2018,370
S12000035,Argyll and Bute,2019,375
S12000035,Argyll and Bute,2020,365
S12000035,Argyll and Bute,2021,370
S12000035,Argyll and Bute,2022,370
N09000002,Armagh City Banbridge and Craigavon,2017,740
N09000002,Armagh City Banbridge and Craigavon,2018,755
N09000002,Armagh City Banbridge and Craigavon,2019,740
N09000002,Armagh City Banbridge and Craigavon,2020,755
N09000002,Armagh City Banbridge and Craigavon,2021,785
N09000002,Armagh City Banbridge and Craigavon,2022,790
E07000224,Arun,2017,505
E07000224,Arun,2018,515
E07000224,Arun,2019,525
E07000224,Arun,2020,510
E07000224,Arun,2021,530
E07000224,Arun,2022,555
E07000170,Ashfield,2017,415
E07000170,Ashfield,2018,420
E07000170,Ashfield,2019,410
E07000170,Ashfield,2020,405
E07000170,Ashfield,2021,400
E07000170,Ashfield,2022,410
E07000105,Ashford,2017,510
E07000105,Ashford,2018,520
E07000105,Ashford,2019,540
E07000105,Ashford,2020,535
E07000105,Ashford,2021,535
E07000105,Ashford,2022,555
E07000200,Babergh,2017,415
E07000200,Babergh,2018,410
E07000200,Babergh,2019,420
E07000200,Babergh,2020,405
E07000200,Babergh,2021,410
E07000200,Babergh,2022,420
E09000002,Barking and Dagenham,2017,470
E09000002,Barking and Dagenham,2018,475
E09000002,Barking and Dagenham,2019,490
E09000002,Barking and Dagenham,2020,505
E09000002,Barking and Dagenham,2021,545
E09000002,Barking and Dagenham,2022,520
E09000003,Barnet,2017,1555
E09000003,Barnet,2018,1505
E09000003,Barnet,2019,1445
E09000003,Barnet,2020,1420
E09000003,Barnet,2021,1485
E09000003,Barnet,2022,1530
E08000016,Barnsley,2017,730
E08000016,Barnsley,2018,740
E08000016,Barnsley,2019,755
E08000016,Barnsley,2020,750
E08000016,Barnsley,2021,780
E08000016,Barnsley,2022,770
E07000027,Barrow-in-Furness,2017,200
E07000027,Barrow-in-Furness,2018,195
E07000027,Barrow-in-Furness,2019,205
E07000027,Barrow-in-Furness,2020,195
E07000027,Barrow-in-Furness,2021,195
E07000027,Barrow-in-Furness,2022,200
E07000066,Basildon,2017,810
E07000066,Basildon,2018,850
E07000066,Basildon,2019,850
E07000066,Basildon,2020,840
E07000066,Basildon,2021,875
E07000066,Basildon,2022,895
E07000084,Basingstoke and Deane,2017,690
E07000084,Basingstoke and Deane,2018,710
E07000084,Basingstoke and Deane,2019,725
E07000084,Basingstoke and Deane,2020,715
E07000084,Basingstoke and Deane,2021,695
E07000084,Basingstoke and Deane,2022,720
E07000171,Bassetlaw,2017,435
E07000171,Bassetlaw,2018,430
E07000171,Bassetlaw,2019,435
E07000171,Bassetlaw,2020,435
E07000171,Bassetlaw,2021,450
E07000171,Bassetlaw,2022,470
E06000022,Bath and North East Somerset,2017,900
E06000022,Bath and North East Somerset,2018,935
E06000022,Bath and North East Somerset,2019,920
E06000022,Bath and North East Somerset,2020,960
E06000022,Bath and North East Somerset,2021,980
E06000022,Bath and North East Somerset,2022,985
E06000055,Bedford,2017,620
E06000055,Bedford,2018,635
E06000055,Bedford,2019,650
E06000055,Bedford,2020,650
E06000055,Bedford,2021,670
E06000055,Bedford,2022,705
N09000003,Belfast,2017,1840
N09000003,Belfast,2018,1830
N09000003,Belfast,2019,1845
N09000003,Belfast,2020,1850
N09000003,Belfast,2021,1880
N09000003,Belfast,2022,1810
E09000004,Bexley,2017,695
E09000004,Bexley,2018,665
E09000004,Bexley,2019,670
E09000004,Bexley,2020,645
E09000004,Bexley,2021,680
E09000004,Bexley,2022,700
E08000025,Birmingham,2017,4065
E08000025,Birmingham,2018,4315
E08000025,Birmingham,2019,3955
E08000025,Birmingham,2020,3860
E08000025,Birmingham,2021,4000
E08000025,Birmingham,2022,4100
E07000129,Blaby,2017,450
E07000129,Blaby,2018,445
E07000129,Blaby,2019,450
E07000129,Blaby,2020,430
E07000129,Blaby,2021,435
E07000129,Blaby,2022,450
E06000008,Blackburn with Darwen,2017,730
E06000008,Blackburn with Darwen,2018,675
E06000008,Blackburn with Darwen,2019,695
E06000008,Blackburn with Darwen,2020,705
E06000008,Blackburn with Darwen,2021,730
E06000008,Blackburn with Darwen,2022,735
E06000009,Blackpool,2017,450
E06000009,Blackpool,2018,450
E06000009,Blackpool,2019,455
E06000009,Blackpool,2020,450
E06000009,Blackpool,2021,455
E06000009,Blackpool,2022,475
W06000019,Blaenau Gwent,2017,140
W06000019,Blaenau Gwent,2018,140
W06000019,Blaenau Gwent,2019,145
W06000019,Blaenau Gwent,2020,140
W06000019,Blaenau Gwent,2021,145
W06000019,Blaenau Gwent,2022,155
E07000033,Bolsover,2017,325
E07000033,Bolsover,2018,295
E07000033,Bolsover,2019,285
E07000033,Bolsover,2020,295
E07000033,Bolsover,2021,295
E07000033,Bolsover,2022,285
E08000001,Bolton,2017,1175
E08000001,Bolton,2018,1230
E08000001,Bolton,2019,1190
E08000001,Bolton,2020,1125
E08000001,Bolton,2021,1165
E08000001,Bolton,2022,1160
E07000136,Boston,2017,270
E07000136,Boston,2018,260
E07000136,Boston,2019,260
E07000136,Boston,2020,255
E07000136,Boston,2021,260
E07000136,Boston,2022,260
E06000058,Bournemouth Christchurch and Poole,2017,1605
E06000058,Bournemouth Christchurch and Poole,2018,1655
E06000058,Bournemouth Christchurch and Poole,2019,1700
E06000058,Bournemouth Christchurch and Poole,2020,1650
E06000058,Bournemouth Christchurch and Poole,2021,1645
E06000058,Bournemouth Christchurch and Poole,2022,1685
E06000036,Bracknell Forest,2017,450
E06000036,Bracknell Forest,2018,455
E06000036,Bracknell Forest,2019,440
E06000036,Bracknell Forest,2020,435
E06000036,Bracknell Forest,2021,450
E06000036,Bracknell Forest,2022,480
E08000032,Bradford,2017,1790
E08000032,Bradford,2018,1780
E08000032,Bradford,2019,1810
E08000032,Bradford,2020,1780
E08000032,Bradford,2021,1815
E08000032,Bradford,2022,1825
E07000067,Braintree,2017,690
E07000067,Braintree,2018,675
E07000067,Braintree,2019,680
E07000067,Braintree,2020,675
E07000067,Braintree,2021,685
E07000067,Braintree,2022,695
E07000143,Breckland,2017,500
E07000143,Breckland,2018,500
E07000143,Breckland,2019,520
E07000143,Breckland,2020,515
E07000143,Breckland,2021,520
E07000143,Breckland,2022,540
E09000005,Brent,2017,1100
E09000005,Brent,2018,1120
E09000005,Brent,2019,1140
E09000005,Brent,2020,1145
E09000005,Brent,2021,1175
E09000005,Brent,2022,1210
E07000068,Brentwood,2017,390
E07000068,Brentwood,2018,395
E07000068,Brentwood,2019,390
E07000068,Brentwood,2020,395
E07000068,Brentwood,2021,400
E07000068,Brentwood,2022,415
W06000013,Bridgend,2017,470
W06000013,Bridgend,2018,465
W06000013,Bridgend,2019,470
W06000013,Bridgend,2020,460
W06000013,Bridgend,2021,485
W06000013,Bridgend,2022,525
E06000043,Brighton and Hove,2017,1325
E06000043,Brighton and Hove,2018,1390
E06000043,Brighton and Hove,2019,1350
E06000043,Brighton and Hove,2020,1330
E06000043,Brighton and Hove,2021,1340
E06000043,Brighton and Hove,2022,1445
E06000023,Bristol City of,2017,2160
E06000023,Bristol City of,2018,2260
E06000023,Bristol City of,2019,2265
E06000023,Bristol City of,2020,2240
E06000023,Bristol City of,2021,2315
E06000023,Bristol City of,2022,2475
E07000144,Broadland,2017,500
E07000144,Broadland,2018,495
E07000144,Broadland,2019,495
E07000144,Broadland,2020,485
E07000144,Broadland,2021,500
E07000144,Broadland,2022,505
E09000006,Bromley,2017,1030
E09000006,Bromley,2018,1025
E09000006,Bromley,2019,1020
E09000006,Bromley,2020,1040
E09000006,Bromley,2021,1030
E09000006,Bromley,2022,1050
E07000234,Bromsgrove,2017,725
E07000234,Bromsgrove,2018,800
E07000234,Bromsgrove,2019,705
E07000234,Bromsgrove,2020,565
E07000234,Bromsgrove,2021,545
E07000234,Bromsgrove,2022,535
E07000095,Broxbourne,2017,355
E07000095,Broxbourne,2018,355
E07000095,Broxbourne,2019,365
E07000095,Broxbourne,2020,365
E07000095,Broxbourne,2021,370
E07000095,Broxbourne,2022,385
E07000172,Broxtowe,2017,365
E07000172,Broxtowe,2018,365
E07000172,Broxtowe,2019,355
E07000172,Broxtowe,2020,320
E07000172,Broxtowe,2021,400
E07000172,Broxtowe,2022,400
E06000060,Buckinghamshire,2017,2580
E06000060,Buckinghamshire,2018,2590
E06000060,Buckinghamshire,2019,5190
E06000060,Buckinghamshire,2020,2590
E06000060,Buckinghamshire,2021,2590
E06000060,Buckinghamshire,2022,2690
E07000117,Burnley,2017,360
E07000117,Burnley,2018,375
E07000117,Burnley,2019,350
E07000117,Burnley,2020,335
E07000117,Burnley,2021,335
E07000117,Burnley,2022,350
E08000002,Bury,2017,770
E08000002,Bury,2018,840
E08000002,Bury,2019,775
E08000002,Bury,2020,715
E08000002,Bury,2021,765
E08000002,Bury,2022,785
W06000018,Caerphilly,2017,480
W06000018,Caerphilly,2018,570
W06000018,Caerphilly,2019,495
W06000018,Caerphilly,2020,495
W06000018,Caerphilly,2021,515
W06000018,Caerphilly,2022,510
E08000033,Calderdale,2017,970
E08000033,Calderdale,2018,1005
E08000033,Calderdale,2019,990
E08000033,Calderdale,2020,915
E08000033,Calderdale,2021,940
E08000033,Calderdale,2022,955
E07000008,Cambridge,2017,660
E07000008,Cambridge,2018,665
E07000008,Cambridge,2019,685
E07000008,Cambridge,2020,710
E07000008,Cambridge,2021,695
E07000008,Cambridge,2022,730
E09000007,Camden,2017,3720
E09000007,Camden,2018,3720
E09000007,Camden,2019,3755
E09000007,Camden,2020,3710
E09000007,Camden,2021,3785
E09000007,Camden,2022,3975
E07000192,Cannock Chase,2017,395
E07000192,Cannock Chase,2018,395
E07000192,Cannock Chase,2019,390
E07000192,Cannock Chase,2020,385
E07000192,Cannock Chase,2021,455
E07000192,Cannock Chase,2022,445
E07000106,Canterbury,2017,570
E07000106,Canterbury,2018,565
E07000106,Canterbury,2019,575
E07000106,Canterbury,2020,575
E07000106,Canterbury,2021,585
E07000106,Canterbury,2022,625
W06000015,Cardiff,2017,1485
W06000015,Cardiff,2018,1490
W06000015,Cardiff,2019,1490
W06000015,Cardiff,2020,1470
W06000015,Cardiff,2021,1555
W06000015,Cardiff,2022,1595
E07000028,Carlisle,2017,495
E07000028,Carlisle,2018,495
E07000028,Carlisle,2019,480
E07000028,Carlisle,2020,480
E07000028,Carlisle,2021,485
E07000028,Carlisle,2022,495
W06000010,Carmarthenshire,2017,630
W06000010,Carmarthenshire,2018,635
W06000010,Carmarthenshire,2019,640
W06000010,Carmarthenshire,2020,650
W06000010,Carmarthenshire,2021,645
W06000010,Carmarthenshire,2022,640
E07000069,Castle Point,2017,240
E07000069,Castle Point,2018,250
E07000069,Castle Point,2019,245
E07000069,Castle Point,2020,240
E07000069,Castle Point,2021,245
E07000069,Castle Point,2022,255
N09000004,Causeway Coast and Glens,2017,500
N09000004,Causeway Coast and Glens,2018,510
N09000004,Causeway Coast and Glens,2019,510
N09000004,Causeway Coast and Glens,2020,500
N09000004,Causeway Coast and Glens,2021,520
N09000004,Causeway Coast and Glens,2022,515
E06000056,Central Bedfordshire,2017,1270
E06000056,Central Bedfordshire,2018,1035
E06000056,Central Bedfordshire,2019,1015
E06000056,Central Bedfordshire,2020,975
E06000056,Central Bedfordshire,2021,985
E06000056,Central Bedfordshire,2022,1015
W06000008,Ceredigion,2017,295
W06000008,Ceredigion,2018,295
W06000008,Ceredigion,2019,295
W06000008,Ceredigion,2020,280
W06000008,Ceredigion,2021,300
W06000008,Ceredigion,2022,315
E07000130,Charnwood,2017,740
E07000130,Charnwood,2018,735
E07000130,Charnwood,2019,765
E07000130,Charnwood,2020,770
E07000130,Charnwood,2021,795
E07000130,Charnwood,2022,855
E07000070,Chelmsford,2017,730
E07000070,Chelmsford,2018,750
E07000070,Chelmsford,2019,740
E07000070,Chelmsford,2020,745
E07000070,Chelmsford,2021,775
E07000070,Chelmsford,2022,785
E07000078,Cheltenham,2017,625
E07000078,Cheltenham,2018,630
E07000078,Cheltenham,2019,625
E07000078,Cheltenham,2020,585
E07000078,Cheltenham,2021,595
E07000078,Cheltenham,2022,605
E07000177,Cherwell,2017,745
E07000177,Cherwell,2018,775
E07000177,Cherwell,2019,785
E07000177,Cherwell,2020,780
E07000177,Cherwell,2021,800
E07000177,Cherwell,2022,820
E06000049,Cheshire East,2017,1970
E06000049,Cheshire East,2018,1940
E06000049,Cheshire East,2019,1960
E06000049,Cheshire East,2020,1935
E06000049,Cheshire East,2021,1925
E06000049,Cheshire East,2022,2000
E06000050,Cheshire West and Chester,2017,1440
E06000050,Cheshire West and Chester,2018,1445
E06000050,Cheshire West and Chester,2019,1480
E06000050,Cheshire West and Chester,2020,1460
E06000050,Cheshire West and Chester,2021,1475
E06000050,Cheshire West and Chester,2022,1550
E07000034,Chesterfield,2017,480
E07000034,Chesterfield,2018,485
E07000034,Chesterfield,2019,475
E07000034,Chesterfield,2020,475
E07000034,Chesterfield,2021,490
E07000034,Chesterfield,2022,520
E07000225,Chichester,2017,615
E07000225,Chichester,2018,615
E07000225,Chichester,2019,625
E07000225,Chichester,2020,615
E07000225,Chichester,2021,650
E07000225,Chichester,2022,665
E07000118,Chorley,2017,445
E07000118,Chorley,2018,470
E07000118,Chorley,2019,445
E07000118,Chorley,2020,460
E07000118,Chorley,2021,510
E07000118,Chorley,2022,490
S12000036,City of Edinburgh,2017,2385
S12000036,City of Edinburgh,2018,2425
S12000036,City of Edinburgh,2019,2455
S12000036,City of Edinburgh,2020,2390
S12000036,City of Edinburgh,2021,2385
S12000036,City of Edinburgh,2022,2520
E09000001,City of London,2017,3965
E09000001,City of London,2018,4200
E09000001,City of London,2019,4375
E09000001,City of London,2020,4450
E09000001,City of London,2021,4560
E09000001,City of London,2022,4685
S12000005,Clackmannanshire,2017,125
S12000005,Clackmannanshire,2018,130
S12000005,Clackmannanshire,2019,130
S12000005,Clackmannanshire,2020,125
S12000005,Clackmannanshire,2021,135
S12000005,Clackmannanshire,2022,140
E07000071,Colchester,2017,760
E07000071,Colchester,2018,785
E07000071,Colchester,2019,825
E07000071,Colchester,2020,790
E07000071,Colchester,2021,780
E07000071,Colchester,2022,805
W06000003,Conwy,2017,480
W06000003,Conwy,2018,465
W06000003,Conwy,2019,455
W06000003,Conwy,2020,445
W06000003,Conwy,2021,455
W06000003,Conwy,2022,465
E07000029,Copeland,2017,165
E07000029,Copeland,2018,165
E07000029,Copeland,2019,170
E07000029,Copeland,2020,155
E07000029,Copeland,2021,155
E07000029,Copeland,2022,155
E06000052,Cornwall,2017,2595
E06000052,Cornwall,2018,2600
E06000052,Cornwall,2019,2625
E06000052,Cornwall,2020,2550
E06000052,Cornwall,2021,2615
E06000052,Cornwall,2022,2715
E07000079,Cotswold,2017,585
E07000079,Cotswold,2018,605
E07000079,Cotswold,2019,595
E07000079,Cotswold,2020,580
E07000079,Cotswold,2021,600
E07000079,Cotswold,2022,620
E06000047,County Durham,2017,1555
E06000047,County Durham,2018,1550
E06000047,County Durham,2019,1630
E06000047,County Durham,2020,1605
E06000047,County Durham,2021,1625
E06000047,County Durham,2022,1665
E08000026,Coventry,2017,1030
E08000026,Coventry,2018,1035
E08000026,Coventry,2019,1050
E08000026,Coventry,2020,1020
E08000026,Coventry,2021,1060
E08000026,Coventry,2022,1110
E07000163,Craven,2017,335
E07000163,Craven,2018,345
E07000163,Craven,2019,350
E07000163,Craven,2020,350
E07000163,Craven,2021,360
E07000163,Craven,2022,365
E07000226,Crawley,2017,475
E07000226,Crawley,2018,480
E07000226,Crawley,2019,455
E07000226,Crawley,2020,440
E07000226,Crawley,2021,455
E07000226,Crawley,2022,465
E09000008,Croydon,2017,1040
E09000008,Croydon,2018,1055
E09000008,Croydon,2019,1045
E09000008,Croydon,2020,1000
E09000008,Croydon,2021,1060
E09000008,Croydon,2022,1075
E07000096,Dacorum,2017,675
E07000096,Dacorum,2018,670
E07000096,Dacorum,2019,685
E07000096,Dacorum,2020,695
E07000096,Dacorum,2021,725
E07000096,Dacorum,2022,735
E06000005,Darlington,2017,380
E06000005,Darlington,2018,495
E06000005,Darlington,2019,390
E06000005,Darlington,2020,385
E06000005,Darlington,2021,410
E06000005,Darlington,2022,415
E07000107,Dartford,2017,425
E07000107,Dartford,2018,425
E07000107,Dartford,2019,425
E07000107,Dartford,2020,430
E07000107,Dartford,2021,445
E07000107,Dartford,2022,450
W06000004,Denbighshire,2017,405
W06000004,Denbighshire,2018,415
W06000004,Denbighshire,2019,450
W06000004,Denbighshire,2020,415
W06000004,Denbighshire,2021,415
W06000004,Denbighshire,2022,410
E06000015,Derby,2017,930
E06000015,Derby,2018,930
E06000015,Derby,2019,945
E06000015,Derby,2020,940
E06000015,Derby,2021,930
E06000015,Derby,2022,980
E07000035,Derbyshire Dales,2017,450
E07000035,Derbyshire Dales,2018,455
E07000035,Derbyshire Dales,2019,445
E07000035,Derbyshire Dales,2020,440
E07000035,Derbyshire Dales,2021,435
E07000035,Derbyshire Dales,2022,450
N09000005,Derry City and Strabane,2017,535
N09000005,Derry City and Strabane,2018,545
N09000005,Derry City and Strabane,2019,525
N09000005,Derry City and Strabane,2020,540
N09000005,Derry City and Strabane,2021,535
N09000005,Derry City and Strabane,2022,535
E08000017,Doncaster,2017,945
E08000017,Doncaster,2018,930
E08000017,Doncaster,2019,930
E08000017,Doncaster,2020,920
E08000017,Doncaster,2021,950
E08000017,Doncaster,2022,970
E06000059,Dorset,2017,1685
E06000059,Dorset,2018,1700
E06000059,Dorset,2019,1710
E06000059,Dorset,2020,1665
E06000059,Dorset,2021,1715
E06000059,Dorset,2022,1745
E07000108,Dover,2017,340
E07000108,Dover,2018,345
E07000108,Dover,2019,355
E07000108,Dover,2020,350
E07000108,Dover,2021,355
E07000108,Dover,2022,375
E08000027,Dudley,2017,1180
E08000027,Dudley,2018,1195
E08000027,Dudley,2019,1225
E08000027,Dudley,2020,1205
E08000027,Dudley,2021,1250
E08000027,Dudley,2022,1270
S12000006,Dumfries and Galloway,2017,610
S12000006,Dumfries and Galloway,2018,595
S12000006,Dumfries and Galloway,2019,605
S12000006,Dumfries and Galloway,2020,590
S12000006,Dumfries and Galloway,2021,600
S12000006,Dumfries and Galloway,2022,635
S12000042,Dundee City,2017,535
S12000042,Dundee City,2018,535
S12000042,Dundee City,2019,565
S12000042,Dundee City,2020,550
S12000042,Dundee City,2021,545
S12000042,Dundee City,2022,555
E09000009,Ealing,2017,1300
E09000009,Ealing,2018,1300
E09000009,Ealing,2019,1305
E09000009,Ealing,2020,1260
E09000009,Ealing,2021,1320
E09000009,Ealing,2022,1295
S12000008,East Ayrshire,2017,330
S12000008,East Ayrshire,2018,345
S12000008,East Ayrshire,2019,350
S12000008,East Ayrshire,2020,335
S12000008,East Ayrshire,2021,335
S12000008,East Ayrshire,2022,345
E07000009,East Cambridgeshire,2017,350
E07000009,East Cambridgeshire,2018,350
E07000009,East Cambridgeshire,2019,370
E07000009,East Cambridgeshire,2020,355
E07000009,East Cambridgeshire,2021,345
E07000009,East Cambridgeshire,2022,360
E07000040,East Devon,2017,610
E07000040,East Devon,2018,600
E07000040,East Devon,2019,625
E07000040,East Devon,2020,615
E07000040,East Devon,2021,635
E07000040,East Devon,2022,655
S12000045,East Dunbartonshire,2017,250
S12000045,East Dunbartonshire,2018,255
S12000045,East Dunbartonshire,2019,240
S12000045,East Dunbartonshire,2020,240
S12000045,East Dunbartonshire,2021,240
S12000045,East Dunbartonshire,2022,255
E07000085,East Hampshire,2017,555
E07000085,East Hampshire,2018,570
E07000085,East Hampshire,2019,585
E07000085,East Hampshire,2020,575
E07000085,East Hampshire,2021,590
E07000085,East Hampshire,2022,615
E07000242,East Hertfordshire,2017,865
E07000242,East Hertfordshire,2018,920
E07000242,East Hertfordshire,2019,790
E07000242,East Hertfordshire,2020,715
E07000242,East Hertfordshire,2021,705
E07000242,East Hertfordshire,2022,720
E07000137,East Lindsey,2017,530
E07000137,East Lindsey,2018,540
E07000137,East Lindsey,2019,545
E07000137,East Lindsey,2020,540
E07000137,East Lindsey,2021,550
E07000137,East Lindsey,2022,550
S12000010,East Lothian,2017,325
S12000010,East Lothian,2018,330
S12000010,East Lothian,2019,340
S12000010,East Lothian,2020,340
S12000010,East Lothian,2021,355
S12000010,East Lothian,2022,365
S12000011,East Renfrewshire,2017,235
S12000011,East Renfrewshire,2018,225
S12000011,East Renfrewshire,2019,225
S12000011,East Renfrewshire,2020,220
S12000011,East Renfrewshire,2021,220
S12000011,East Renfrewshire,2022,230
E06000011,East Riding of Yorkshire,2017,1320
E06000011,East Riding of Yorkshire,2018,1325
E06000011,East Riding of Yorkshire,2019,1335
E06000011,East Riding of Yorkshire,2020,1325
E06000011,East Riding of Yorkshire,2021,1350
E06000011,East Riding of Yorkshire,2022,1385
E07000193,East Staffordshire,2017,455
E07000193,East Staffordshire,2018,470
E07000193,East Staffordshire,2019,490
E07000193,East Staffordshire,2020,480
E07000193,East Staffordshire,2021,490
E07000193,East Staffordshire,2022,485
E07000244,East Suffolk,2017,975
E07000244,East Suffolk,2018,1000
E07000244,East Suffolk,2019,990
E07000244,East Suffolk,2020,975
E07000244,East Suffolk,2021,1010
E07000244,East Suffolk,2022,1035
E07000061,Eastbourne,2017,365
E07000061,Eastbourne,2018,345
E07000061,Eastbourne,2019,355
E07000061,Eastbourne,2020,365
E07000061,Eastbourne,2021,365
E07000061,Eastbourne,2022,365
E07000086,Eastleigh,2017,600
E07000086,Eastleigh,2018,585
E07000086,Eastleigh,2019,575
E07000086,Eastleigh,2020,580
E07000086,Eastleigh,2021,570
E07000086,Eastleigh,2022,575
E07000030,Eden,2017,285
E07000030,Eden,2018,290
E07000030,Eden,2019,300
E07000030,Eden,2020,300
E07000030,Eden,2021,300
E07000030,Eden,2022,320
E07000207,Elmbridge,2017,655
E07000207,Elmbridge,2018,660
E07000207,Elmbridge,2019,670
E07000207,Elmbridge,2020,665
E07000207,Elmbridge,2021,690
E07000207,Elmbridge,2022,725
E09000010,Enfield,2017,1055
E09000010,Enfield,2018,1050
E09000010,Enfield,2019,985
E09000010,Enfield,2020,985
E09000010,Enfield,2021,1085
E09000010,Enfield,2022,1050
E07000072,Epping Forest,2017,640
E07000072,Epping Forest,2018,625
E07000072,Epping Forest,2019,610
E07000072,Epping Forest,2020,615
E07000072,Epping Forest,2021,630
E07000072,Epping Forest,2022,670
E07000208,Epsom and Ewell,2017,275
E07000208,Epsom and Ewell,2018,265
E07000208,Epsom and Ewell,2019,255
E07000208,Epsom and Ewell,2020,250
E07000208,Epsom and Ewell,2021,265
E07000208,Epsom and Ewell,2022,280
E07000036,Erewash,2017,480
E07000036,Erewash,2018,485
E07000036,Erewash,2019,470
E07000036,Erewash,2020,470
E07000036,Erewash,2021,495
E07000036,Erewash,2022,625
E07000041,Exeter,2017,665
E07000041,Exeter,2018,675
E07000041,Exeter,2019,635
E07000041,Exeter,2020,645
E07000041,Exeter,2021,625
E07000041,Exeter,2022,640
S12000014,Falkirk,2017,450
S12000014,Falkirk,2018,450
S12000014,Falkirk,2019,460
S12000014,Falkirk,2020,430
S12000014,Falkirk,2021,430
S12000014,Falkirk,2022,440
E07000087,Fareham,2017,525
E07000087,Fareham,2018,515
E07000087,Fareham,2019,535
E07000087,Fareham,2020,540
E07000087,Fareham,2021,535
E07000087,Fareham,2022,530
E07000010,Fenland,2017,310
E07000010,Fenland,2018,305
E07000010,Fenland,2019,315
E07000010,Fenland,2020,320
E07000010,Fenland,2021,325
E07000010,Fenland,2022,335
N09000006,Fermanagh and Omagh,2017,460
N09000006,Fermanagh and Omagh,2018,465
N09000006,Fermanagh and Omagh,2019,460
N09000006,Fermanagh and Omagh,2020,450
N09000006,Fermanagh and Omagh,2021,445
N09000006,Fermanagh and Omagh,2022,490
S12000047,Fife,2017,1105
S12000047,Fife,2018,1075
S12000047,Fife,2019,1070
S12000047,Fife,2020,1040
S12000047,Fife,2021,1050
S12000047,Fife,2022,1090
W06000005,Flintshire,2017,600
W06000005,Flintshire,2018,605
W06000005,Flintshire,2019,620
W06000005,Flintshire,2020,610
W06000005,Flintshire,2021,610
W06000005,Flintshire,2022,625
E07000112,Folkestone and Hythe,2017,360
E07000112,Folkestone and Hythe,2018,370
E07000112,Folkestone and Hythe,2019,370
E07000112,Folkestone and Hythe,2020,350
E07000112,Folkestone and Hythe,2021,365
E07000112,Folkestone and Hythe,2022,390
E07000080,Forest of Dean,2017,305
E07000080,Forest of Dean,2018,315
E07000080,Forest of Dean,2019,315
E07000080,Forest of Dean,2020,310
E07000080,Forest of Dean,2021,310
E07000080,Forest of Dean,2022,330
E07000119,Fylde,2017,390
E07000119,Fylde,2018,375
E07000119,Fylde,2019,380
E07000119,Fylde,2020,375
E07000119,Fylde,2021,385
E07000119,Fylde,2022,390
E08000037,Gateshead,2017,825
E08000037,Gateshead,2018,835
E08000037,Gateshead,2019,875
E08000037,Gateshead,2020,800
E08000037,Gateshead,2021,825
E08000037,Gateshead,2022,845
E07000173,Gedling,2017,315
E07000173,Gedling,2018,315
E07000173,Gedling,2019,305
E07000173,Gedling,2020,300
E07000173,Gedling,2021,305
E07000173,Gedling,2022,345
S12000049,Glasgow City,2017,2910
S12000049,Glasgow City,2018,3005
S12000049,Glasgow City,2019,2930
S12000049,Glasgow City,2020,2870
S12000049,Glasgow City,2021,2835
S12000049,Glasgow City,2022,2955
E07000081,Gloucester,2017,505
E07000081,Gloucester,2018,495
E07000081,Gloucester,2019,510
E07000081,Gloucester,2020,515
E07000081,Gloucester,2021,540
E07000081,Gloucester,2022,555
E07000088,Gosport,2017,190
E07000088,Gosport,2018,180
E07000088,Gosport,2019,195
E07000088,Gosport,2020,175
E07000088,Gosport,2021,180
E07000088,Gosport,2022,185
E07000109,Gravesham,2017,305
E07000109,Gravesham,2018,320
E07000109,Gravesham,2019,320
E07000109,Gravesham,2020,320
E07000109,Gravesham,2021,355
E07000109,Gravesham,2022,365
E07000145,Great Yarmouth,2017,365
E07000145,Great Yarmouth,2018,355
E07000145,Great Yarmouth,2019,355
E07000145,Great Yarmouth,2020,345
E07000145,Great Yarmouth,2021,365
E07000145,Great Yarmouth,2022,370
E09000011,Greenwich,2017,620
E09000011,Greenwich,2018,630
E09000011,Greenwich,2019,625
E09000011,Greenwich,2020,615
E09000011,Greenwich,2021,620
E09000011,Greenwich,2022,640
E07000209,Guildford,2017,735
E07000209,Guildford,2018,765
E07000209,Guildford,2019,760
E07000209,Guildford,2020,760
E07000209,Guildford,2021,775
E07000209,Guildford,2022,810
W06000002,Gwynedd,2017,540
W06000002,Gwynedd,2018,505
W06000002,Gwynedd,2019,530
W06000002,Gwynedd,2020,505
W06000002,Gwynedd,2021,515
W06000002,Gwynedd,2022,545
E09000012,Hackney,2017,1770
E09000012,Hackney,2018,1895
E09000012,Hackney,2019,2005
E09000012,Hackney,2020,1980
E09000012,Hackney,2021,2050
E09000012,Hackney,2022,2270
E06000006,Halton,2017,530
E06000006,Halton,2018,530
E06000006,Halton,2019,530
E06000006,Halton,2020,515
E06000006,Halton,2021,530
E06000006,Halton,2022,550
E07000164,Hambleton,2017,485
E07000164,Hambleton,2018,485
E07000164,Hambleton,2019,480
E07000164,Hambleton,2020,455
E07000164,Hambleton,2021,485
E07000164,Hambleton,2022,495
E09000013,Hammersmith and Fulham,2017,1260
E09000013,Hammersmith and Fulham,2018,1285
E09000013,Hammersmith and Fulham,2019,1290
E09000013,Hammersmith and Fulham,2020,1275
E09000013,Hammersmith and Fulham,2021,1305
E09000013,Hammersmith and Fulham,2022,1350
E07000131,Harborough,2017,510
E07000131,Harborough,2018,505
E07000131,Harborough,2019,500
E07000131,Harborough,2020,475
E07000131,Harborough,2021,485
E07000131,Harborough,2022,520
E09000014,Haringey,2017,735
E09000014,Haringey,2018,735
E09000014,Haringey,2019,745
E09000014,Haringey,2020,770
E09000014,Haringey,2021,835
E09000014,Haringey,2022,860
E07000073,Harlow,2017,340
E07000073,Harlow,2018,345
E07000073,Harlow,2019,355
E07000073,Harlow,2020,355
E07000073,Harlow,2021,380
E07000073,Harlow,2022,380
E07000165,Harrogate,2017,860
E07000165,Harrogate,2018,870
E07000165,Harrogate,2019,890
E07000165,Harrogate,2020,885
E07000165,Harrogate,2021,910
E07000165,Harrogate,2022,930
E09000015,Harrow,2017,865
E09000015,Harrow,2018,870
E09000015,Harrow,2019,855
E09000015,Harrow,2020,880
E09000015,Harrow,2021,930
E09000015,Harrow,2022,965
E07000089,Hart,2017,415
E07000089,Hart,2018,400
E07000089,Hart,2019,420
E07000089,Hart,2020,410
E07000089,Hart,2021,400
E07000089,Hart,2022,435
E06000001,Hartlepool,2017,225
E06000001,Hartlepool,2018,240
E06000001,Hartlepool,2019,230
E06000001,Hartlepool,2020,235
E06000001,Hartlepool,2021,250
E06000001,Hartlepool,2022,250
E07000062,Hastings,2017,305
E07000062,Hastings,2018,315
E07000062,Hastings,2019,315
E07000062,Hastings,2020,310
E07000062,Hastings,2021,315
E07000062,Hastings,2022,330
E07000090,Havant,2017,395
E07000090,Havant,2018,405
E07000090,Havant,2019,405
E07000090,Havant,2020,395
E07000090,Havant,2021,415
E07000090,Havant,2022,415
E09000016,Havering,2017,785
E09000016,Havering,2018,765
E09000016,Havering,2019,770
E09000016,Havering,2020,770
E09000016,Havering,2021,790
E09000016,Havering,2022,815
E06000019,Herefordshire County of,2017,915
E06000019,Herefordshire County of,2018,900
E06000019,Herefordshire County of,2019,885
E06000019,Herefordshire County of,2020,875
E06000019,Herefordshire County of,2021,885
E06000019,Herefordshire County of,2022,920
E07000098,Hertsmere,2017,660
E07000098,Hertsmere,2018,665
E07000098,Hertsmere,2019,650
E07000098,Hertsmere,2020,640
E07000098,Hertsmere,2021,640
E07000098,Hertsmere,2022,635
E07000037,High Peak,2017,420
E07000037,High Peak,2018,405
E07000037,High Peak,2019,410
E07000037,High Peak,2020,400
E07000037,High Peak,2021,420
E07000037,High Peak,2022,435
S12000017,Highland,2017,1080
S12000017,Highland,2018,1110
S12000017,Highland,2019,1130
S12000017,Highland,2020,1085
S12000017,Highland,2021,1110
S12000017,Highland,2022,1185
E09000017,Hillingdon,2017,1150
E09000017,Hillingdon,2018,1165
E09000017,Hillingdon,2019,1210
E09000017,Hillingdon,2020,1185
E09000017,Hillingdon,2021,1185
E09000017,Hillingdon,2022,1235
E07000132,Hinckley and Bosworth,2017,435
E07000132,Hinckley and Bosworth,2018,425
E07000132,Hinckley and Bosworth,2019,455
E07000132,Hinckley and Bosworth,2020,445
E07000132,Hinckley and Bosworth,2021,440
E07000132,Hinckley and Bosworth,2022,435
E07000227,Horsham,2017,675
E07000227,Horsham,2018,685
E07000227,Horsham,2019,680
E07000227,Horsham,2020,705
E07000227,Horsham,2021,700
E07000227,Horsham,2022,725
E09000018,Hounslow,2017,1070
E09000018,Hounslow,2018,1080
E09000018,Hounslow,2019,1080
E09000018,Hounslow,2020,1095
E09000018,Hounslow,2021,1095
E09000018,Hounslow,2022,1120
E07000011,Huntingdonshire,2017,775
E07000011,Huntingdonshire,2018,760
E07000011,Huntingdonshire,2019,755
E07000011,Huntingdonshire,2020,755
E07000011,Huntingdonshire,2021,760
E07000011,Huntingdonshire,2022,780
E07000120,Hyndburn,2017,315
E07000120,Hyndburn,2018,320
E07000120,Hyndburn,2019,320
E07000120,Hyndburn,2020,335
E07000120,Hyndburn,2021,360
E07000120,Hyndburn,2022,370
S12000018,Inverclyde,2017,195
S12000018,Inverclyde,2018,200
S12000018,Inverclyde,2019,195
S12000018,Inverclyde,2020,195
S12000018,Inverclyde,2021,190
S12000018,Inverclyde,2022,195
E07000202,Ipswich,2017,545
E07000202,Ipswich,2018,540
E07000202,Ipswich,2019,540
E07000202,Ipswich,2020,530
E07000202,Ipswich,2021,545
E07000202,Ipswich,2022,565
W06000001,Isle of Anglesey,2017,230
W06000001,Isle of Anglesey,2018,235
W06000001,Isle of Anglesey,2019,230
W06000001,Isle of Anglesey,2020,235
W06000001,Isle of Anglesey,2021,235
W06000001,Isle of Anglesey,2022,245
E06000046,Isle of Wight,2017,570
E06000046,Isle of Wight,2018,565
E06000046,Isle of Wight,2019,560
E06000046,Isle of Wight,2020,545
E06000046,Isle of Wight,2021,550
E06000046,Isle of Wight,2022,545
E06000053,Isles of Scilly,2017,5
E06000053,Isles of Scilly,2018,5
E06000053,Isles of Scilly,2019,5
E06000053,Isles of Scilly,2020,5
E06000053,Isles of Scilly,2021,10
E06000053,Isles of Scilly,2022,10
E09000019,Islington,2017,2270
E09000019,Islington,2018,2370
E09000019,Islington,2019,2440
E09000019,Islington,2020,2380
E09000019,Islington,2021,2420
E09000019,Islington,2022,2480
E09000020,Kensington and Chelsea,2017,1450
E09000020,Kensington and Chelsea,2018,1445
E09000020,Kensington and Chelsea,2019,1475
E09000020,Kensington and Chelsea,2020,1410
E09000020,Kensington and Chelsea,2021,1385
E09000020,Kensington and Chelsea,2022,1385
E07000146,King's Lynn and West Norfolk,2017,555
E07000146,King's Lynn and West Norfolk,2018,545
E07000146,King's Lynn and West Norfolk,2019,560
E07000146,King's Lynn and West Norfolk,2020,560
E07000146,King's Lynn and West Norfolk,2021,560
E07000146,King's Lynn and West Norfolk,2022,580
E06000010,Kingston upon Hull City of,2017,1050
E06000010,Kingston upon Hull City of,2018,1020
E06000010,Kingston upon Hull City of,2019,1045
E06000010,Kingston upon Hull City of,2020,1035
E06000010,Kingston upon Hull City of,2021,1040
E06000010,Kingston upon Hull City of,2022,1090
E09000021,Kingston upon Thames,2017,645
E09000021,Kingston upon Thames,2018,645
E09000021,Kingston upon Thames,2019,635
E09000021,Kingston upon Thames,2020,620
E09000021,Kingston upon Thames,2021,635
E09000021,Kingston upon Thames,2022,665
E08000034,Kirklees,2017,1745
E08000034,Kirklees,2018,1745
E08000034,Kirklees,2019,1750
E08000034,Kirklees,2020,1750
E08000034,Kirklees,2021,1745
E08000034,Kirklees,2022,1785
E08000011,Knowsley,2017,420
E08000011,Knowsley,2018,430
E08000011,Knowsley,2019,460
E08000011,Knowsley,2020,455
E08000011,Knowsley,2021,455
E08000011,Knowsley,2022,475
E09000022,Lambeth,2017,1220
E09000022,Lambeth,2018,1270
E09000022,Lambeth,2019,1315
E09000022,Lambeth,2020,1295
E09000022,Lambeth,2021,1295
E09000022,Lambeth,2022,1320
E07000121,Lancaster,2017,510
E07000121,Lancaster,2018,520
E07000121,Lancaster,2019,530
E07000121,Lancaster,2020,525
E07000121,Lancaster,2021,545
E07000121,Lancaster,2022,560
E08000035,Leeds,2017,3530
E08000035,Leeds,2018,3640
E08000035,Leeds,2019,3610
E08000035,Leeds,2020,3590
E08000035,Leeds,2021,3630
E08000035,Leeds,2022,3780
E06000016,Leicester,2017,1535
E06000016,Leicester,2018,1560
E06000016,Leicester,2019,1690
E06000016,Leicester,2020,1650
E06000016,Leicester,2021,1600
E06000016,Leicester,2022,1600
E07000063,Lewes,2017,400
E07000063,Lewes,2018,400
E07000063,Lewes,2019,405
E07000063,Lewes,2020,390
E07000063,Lewes,2021,390
E07000063,Lewes,2022,400
E09000023,Lewisham,2017,530
E09000023,Lewisham,2018,545
E09000023,Lewisham,2019,545
E09000023,Lewisham,2020,550
E09000023,Lewisham,2021,550
E09000023,Lewisham,2022,565
E07000194,Lichfield,2017,505
E07000194,Lichfield,2018,505
E07000194,Lichfield,2019,515
E07000194,Lichfield,2020,480
E07000194,Lichfield,2021,515
E07000194,Lichfield,2022,540
E07000138,Lincoln,2017,360
E07000138,Lincoln,2018,360
E07000138,Lincoln,2019,380
E07000138,Lincoln,2020,360
E07000138,Lincoln,2021,365
E07000138,Lincoln,2022,370
N09000007,Lisburn and Castlereagh,2017,570
N09000007,Lisburn and Castlereagh,2018,570
N09000007,Lisburn and Castlereagh,2019,570
N09000007,Lisburn and Castlereagh,2020,600
N09000007,Lisburn and Castlereagh,2021,585
N09000007,Lisburn and Castlereagh,2022,590
E08000012,Liverpool,2017,1725
E08000012,Liverpool,2018,1805
E08000012,Liverpool,2019,1785
E08000012,Liverpool,2020,1695
E08000012,Liverpool,2021,1740
E08000012,Liverpool,2022,1855
E06000032,Luton,2017,630
E06000032,Luton,2018,595
E06000032,Luton,2019,610
E06000032,Luton,2020,585
E06000032,Luton,2021,620
E06000032,Luton,2022,665
E07000110,Maidstone,2017,735
E07000110,Maidstone,2018,730
E07000110,Maidstone,2019,735
E07000110,Maidstone,2020,715
E07000110,Maidstone,2021,715
E07000110,Maidstone,2022,735
E07000074,Maldon,2017,320
E07000074,Maldon,2018,315
E07000074,Maldon,2019,325
E07000074,Maldon,2020,300
E07000074,Maldon,2021,315
E07000074,Maldon,2022,330
E07000235,Malvern Hills,2017,345
E07000235,Malvern Hills,2018,350
E07000235,Malvern Hills,2019,365
E07000235,Malvern Hills,2020,355
E07000235,Malvern Hills,2021,360
E07000235,Malvern Hills,2022,370
E08000003,Manchester,2017,2850
E08000003,Manchester,2018,2935
E08000003,Manchester,2019,2885
E08000003,Manchester,2020,2830
E08000003,Manchester,2021,2895
E08000003,Manchester,2022,3080
E07000174,Mansfield,2017,355
E07000174,Mansfield,2018,360
E07000174,Mansfield,2019,360
E07000174,Mansfield,2020,345
E07000174,Mansfield,2021,405
E07000174,Mansfield,2022,405
E06000035,Medway,2017,790
E06000035,Medway,2018,780
E06000035,Medway,2019,770
E06000035,Medway,2020,785
E06000035,Medway,2021,795
E06000035,Medway,2022,840
E07000133,Melton,2017,215
E07000133,Melton,2018,215
E07000133,Melton,2019,215
E07000133,Melton,2020,215
E07000133,Melton,2021,210
E07000133,Melton,2022,220
E07000187,Mendip,2017,565
E07000187,Mendip,2018,545
E07000187,Mendip,2019,540
E07000187,Mendip,2020,515
E07000187,Mendip,2021,530
E07000187,Mendip,2022,555
W06000024,Merthyr Tydfil,2017,160
W06000024,Merthyr Tydfil,2018,160
W06000024,Merthyr Tydfil,2019,155
W06000024,Merthyr Tydfil,2020,155
W06000024,Merthyr Tydfil,2021,145
W06000024,Merthyr Tydfil,2022,150
E09000024,Merton,2017,775
E09000024,Merton,2018,770
E09000024,Merton,2019,780
E09000024,Merton,2020,770
E09000024,Merton,2021,785
E09000024,Merton,2022,795
E07000042,Mid Devon,2017,330
E07000042,Mid Devon,2018,330
E07000042,Mid Devon,2019,340
E07000042,Mid Devon,2020,330
E07000042,Mid Devon,2021,330
E07000042,Mid Devon,2022,335
E07000203,Mid Suffolk,2017,450
E07000203,Mid Suffolk,2018,455
E07000203,Mid Suffolk,2019,455
E07000203,Mid Suffolk,2020,440
E07000203,Mid Suffolk,2021,445
E07000203,Mid Suffolk,2022,460
E07000228,Mid Sussex,2017,690
E07000228,Mid Sussex,2018,700
E07000228,Mid Sussex,2019,710
E07000228,Mid Sussex,2020,685
E07000228,Mid Sussex,2021,710
E07000228,Mid Sussex,2022,730
N09000009,Mid Ulster,2017,690
N09000009,Mid Ulster,2018,705
N09000009,Mid Ulster,2019,720
N09000009,Mid Ulster,2020,725
N09000009,Mid Ulster,2021,735
N09000009,Mid Ulster,2022,750
N09000008,Mid and East Antrim,2017,445
N09000008,Mid and East Antrim,2018,430
N09000008,Mid and East Antrim,2019,415
N09000008,Mid and East Antrim,2020,405
N09000008,Mid and East Antrim,2021,425
N09000008,Mid and East Antrim,2022,440
E06000002,Middlesbrough,2017,385
E06000002,Middlesbrough,2018,375
E06000002,Middlesbrough,2019,390
E06000002,Middlesbrough,2020,395
E06000002,Middlesbrough,2021,415
E06000002,Middlesbrough,2022,445
S12000019,Midlothian,2017,305
S12000019,Midlothian,2018,300
S12000019,Midlothian,2019,310
S12000019,Midlothian,2020,315
S12000019,Midlothian,2021,305
S12000019,Midlothian,2022,320
E06000042,Milton Keynes,2017,1220
E06000042,Milton Keynes,2018,1245
E06000042,Milton Keynes,2019,1305
E06000042,Milton Keynes,2020,1265
E06000042,Milton Keynes,2021,1365
E06000042,Milton Keynes,2022,1355
E07000210,Mole Valley,2017,475
E07000210,Mole Valley,2018,485
E07000210,Mole Valley,2019,490
E07000210,Mole Valley,2020,470
E07000210,Mole Valley,2021,480
E07000210,Mole Valley,2022,470
W06000021,Monmouthshire,2017,370
W06000021,Monmouthshire,2018,380
W06000021,Monmouthshire,2019,380
W06000021,Monmouthshire,2020,365
W06000021,Monmouthshire,2021,365
W06000021,Monmouthshire,2022,380
S12000020,Moray,2017,335
S12000020,Moray,2018,335
S12000020,Moray,2019,340
S12000020,Moray,2020,330
S12000020,Moray,2021,335
S12000020,Moray,2022,350
S12000013,Na h-Eileanan Siar,2017,120
S12000013,Na h-Eileanan Siar,2018,125
S12000013,Na h-Eileanan Siar,2019,120
S12000013,Na h-Eileanan Siar,2020,130
S12000013,Na h-Eileanan Siar,2021,130
S12000013,Na h-Eileanan Siar,2022,140
W06000012,Neath Port Talbot,2017,385
W06000012,Neath Port Talbot,2018,385
W06000012,Neath Port Talbot,2019,390
W06000012,Neath Port Talbot,2020,370
W06000012,Neath Port Talbot,2021,385
W06000012,Neath Port Talbot,2022,410
E07000091,New Forest,2017,820
E07000091,New Forest,2018,830
E07000091,New Forest,2019,845
E07000091,New Forest,2020,830
E07000091,New Forest,2021,850
E07000091,New Forest,2022,860
E07000175,Newark and Sherwood,2017,480
E07000175,Newark and Sherwood,2018,485
E07000175,Newark and Sherwood,2019,480
E07000175,Newark and Sherwood,2020,450
E07000175,Newark and Sherwood,2021,475
E07000175,Newark and Sherwood,2022,510
E08000021,Newcastle upon Tyne,2017,1280
E08000021,Newcastle upon Tyne,2018,1280
E08000021,Newcastle upon Tyne,2019,1280
E08000021,Newcastle upon Tyne,2020,1220
E08000021,Newcastle upon Tyne,2021,1260
E08000021,Newcastle upon Tyne,2022,1305
E07000195,Newcastle-under-Lyme,2017,415
E07000195,Newcastle-under-Lyme,2018,415
E07000195,Newcastle-under-Lyme,2019,415
E07000195,Newcastle-under-Lyme,2020,410
E07000195,Newcastle-under-Lyme,2021,415
E07000195,Newcastle-under-Lyme,2022,410
E09000025,Newham,2017,655
E09000025,Newham,2018,685
E09000025,Newham,2019,710
E09000025,Newham,2020,730
E09000025,Newham,2021,775
E09000025,Newham,2022,785
W06000022,Newport,2017,475
W06000022,Newport,2018,580
W06000022,Newport,2019,565
W06000022,Newport,2020,475
W06000022,Newport,2021,475
W06000022,Newport,2022,460
N09000010,Newry Mourne and Down,2017,705
N09000010,Newry Mourne and Down,2018,710
N09000010,Newry Mourne and Down,2019,720
N09000010,Newry Mourne and Down,2020,720
N09000010,Newry Mourne and Down,2021,720
N09000010,Newry Mourne and Down,2022,760
S12000021,North Ayrshire,2017,355
S12000021,North Ayrshire,2018,360
S12000021,North Ayrshire,2019,355
S12000021,North Ayrshire,2020,345
S12000021,North Ayrshire,2021,345
S12000021,North Ayrshire,2022,360
E07000043,North Devon,2017,490
E07000043,North Devon,2018,480
E07000043,North Devon,2019,465
E07000043,North Devon,2020,455
E07000043,North Devon,2021,470
E07000043,North Devon,2022,490
E07000038,North East Derbyshire,2017,350
E07000038,North East Derbyshire,2018,350
E07000038,North East Derbyshire,2019,340
E07000038,North East Derbyshire,2020,335
E07000038,North East Derbyshire,2021,355
E07000038,North East Derbyshire,2022,360
E06000012,North East Lincolnshire,2017,600
E06000012,North East Lincolnshire,2018,610
E06000012,North East Lincolnshire,2019,610
E06000012,North East Lincolnshire,2020,605
E06000012,North East Lincolnshire,2021,590
E06000012,North East Lincolnshire,2022,590
E07000099,North Hertfordshire,2017,630
E07000099,North Hertfordshire,2018,620
E07000099,North Hertfordshire,2019,625
E07000099,North Hertfordshire,2020,635
E07000099,North Hertfordshire,2021,635
E07000099,North Hertfordshire,2022,655
E07000139,North Kesteven,2017,375
E07000139,North Kesteven,2018,385
E07000139,North Kesteven,2019,380
E07000139,North Kesteven,2020,375
E07000139,North Kesteven,2021,365
E07000139,North Kesteven,2022,390
S12000050,North Lanarkshire,2017,895
S12000050,North Lanarkshire,2018,905
S12000050,North Lanarkshire,2019,925
S12000050,North Lanarkshire,2020,900
S12000050,North Lanarkshire,2021,965
S12000050,North Lanarkshire,2022,985
E06000013,North Lincolnshire,2017,615
E06000013,North Lincolnshire,2018,600
E06000013,North Lincolnshire,2019,605
E06000013,North Lincolnshire,2020,595
E06000013,North Lincolnshire,2021,605
E06000013,North Lincolnshire,2022,610
E07000147,North Norfolk,2017,445
E07000147,North Norfolk,2018,460
E07000147,North Norfolk,2019,465
E07000147,North Norfolk,2020,450
E07000147,North Norfolk,2021,450
E07000147,North Norfolk,2022,475
E06000061,North Northamptonshire,2017,1320
E06000061,North Northamptonshire,2018,1310
E06000061,North Northamptonshire,2019,1475
E06000061,North Northamptonshire,2020,1420
E06000061,North Northamptonshire,2021,1345
E06000061,North Northamptonshire,2022,1370
E06000024,North Somerset,2017,865
E06000024,North Somerset,2018,860
E06000024,North Somerset,2019,880
E06000024,North Somerset,2020,850
E06000024,North Somerset,2021,840
E06000024,North Somerset,2022,895
E08000022,North Tyneside,2017,615
E08000022,North Tyneside,2018,620
E08000022,North Tyneside,2019,640
E08000022,North Tyneside,2020,610
E08000022,North Tyneside,2021,630
E08000022,North Tyneside,2022,680
E07000218,North Warwickshire,2017,335
E07000218,North Warwickshire,2018,345
E07000218,North Warwickshire,2019,340
E07000218,North Warwickshire,2020,330
E07000218,North Warwickshire,2021,345
E07000218,North Warwickshire,2022,350
E07000134,North West Leicestershire,2017,555
E07000134,North West Leicestershire,2018,545
E07000134,North West Leicestershire,2019,565
E07000134,North West Leicestershire,2020,545
E07000134,North West Leicestershire,2021,530
E07000134,North West Leicestershire,2022,545
E06000057,Northumberland,2017,1140
E06000057,Northumberland,2018,1155
E06000057,Northumberland,2019,1145
E06000057,Northumberland,2020,1155
E06000057,Northumberland,2021,1180
E06000057,Northumberland,2022,1225
E07000148,Norwich,2017,785
E07000148,Norwich,2018,795
E07000148,Norwich,2019,735
E07000148,Norwich,2020,735
E07000148,Norwich,2021,745
E07000148,Norwich,2022,770
E06000018,Nottingham,2017,1350
E06000018,Nottingham,2018,1365
E06000018,Nottingham,2019,1320
E06000018,Nottingham,2020,1315
E06000018,Nottingham,2021,1320
E06000018,Nottingham,2022,1365
E07000219,Nuneaton and Bedworth,2017,415
E07000219,Nuneaton and Bedworth,2018,415
E07000219,Nuneaton and Bedworth,2019,400
E07000219,Nuneaton and Bedworth,2020,400
E07000219,Nuneaton and Bedworth,2021,395
E07000219,Nuneaton and Bedworth,2022,405
E07000135,Oadby and Wigston,2017,205
E07000135,Oadby and Wigston,2018,200
E07000135,Oadby and Wigston,2019,200
E07000135,Oadby and Wigston,2020,200
E07000135,Oadby and Wigston,2021,200
E07000135,Oadby and Wigston,2022,195
E08000004,Oldham,2017,830
E08000004,Oldham,2018,840
E08000004,Oldham,2019,890
E08000004,Oldham,2020,860
E08000004,Oldham,2021,860
E08000004,Oldham,2022,880
S12000023,Orkney Islands,2017,140
S12000023,Orkney Islands,2018,140
S12000023,Orkney Islands,2019,150
S12000023,Orkney Islands,2020,145
S12000023,Orkney Islands,2021,135
S12000023,Orkney Islands,2022,140
E07000178,Oxford,2017,730
E07000178,Oxford,2018,755
E07000178,Oxford,2019,790
E07000178,Oxford,2020,755
E07000178,Oxford,2021,775
E07000178,Oxford,2022,795
W06000009,Pembrokeshire,2017,525
W06000009,Pembrokeshire,2018,565
W06000009,Pembrokeshire,2019,565
W06000009,Pembrokeshire,2020,550
W06000009,Pembrokeshire,2021,550
W06000009,Pembrokeshire,2022,545
E07000122,Pendle,2017,335
E07000122,Pendle,2018,330
E07000122,Pendle,2019,335
E07000122,Pendle,2020,335
E07000122,Pendle,2021,345
E07000122,Pendle,2022,360
S12000048,Perth and Kinross,2017,640
S12000048,Perth and Kinross,2018,630
S12000048,Perth and Kinross,2019,640
S12000048,Perth and Kinross,2020,630
S12000048,Perth and Kinross,2021,645
S12000048,Perth and Kinross,2022,670
E06000031,Peterborough,2017,765
E06000031,Peterborough,2018,750
E06000031,Peterborough,2019,755
E06000031,Peterborough,2020,735
E06000031,Peterborough,2021,765
E06000031,Peterborough,2022,800
E06000026,Plymouth,2017,810
E06000026,Plymouth,2018,800
E06000026,Plymouth,2019,785
E06000026,Plymouth,2020,775
E06000026,Plymouth,2021,800
E06000026,Plymouth,2022,815
E06000044,Portsmouth,2017,690
E06000044,Portsmouth,2018,705
E06000044,Portsmouth,2019,705
E06000044,Portsmouth,2020,660
E06000044,Portsmouth,2021,665
E06000044,Portsmouth,2022,710
W06000023,Powys,2017,555
W06000023,Powys,2018,545
W06000023,Powys,2019,565
W06000023,Powys,2020,540
W06000023,Powys,2021,520
W06000023,Powys,2022,555
E07000123,Preston,2017,665
E07000123,Preston,2018,700
E07000123,Preston,2019,680
E07000123,Preston,2020,670
E07000123,Preston,2021,680
E07000123,Preston,2022,680
E06000038,Reading,2017,770
E06000038,Reading,2018,790
E06000038,Reading,2019,780
E06000038,Reading,2020,770
E06000038,Reading,2021,790
E06000038,Reading,2022,810
E09000026,Redbridge,2017,810
E09000026,Redbridge,2018,830
E09000026,Redbridge,2019,780
E09000026,Redbridge,2020,780
E09000026,Redbridge,2021,835
E09000026,Redbridge,2022,860
E06000003,Redcar and Cleveland,2017,335
E06000003,Redcar and Cleveland,2018,330
E06000003,Redcar and Cleveland,2019,330
E06000003,Redcar and Cleveland,2020,320
E06000003,Redcar and Cleveland,2021,330
E06000003,Redcar and Cleveland,2022,355
E07000236,Redditch,2017,425
E07000236,Redditch,2018,435
E07000236,Redditch,2019,480
E07000236,Redditch,2020,425
E07000236,Redditch,2021,405
E07000236,Redditch,2022,415
E07000211,Reigate and Banstead,2017,595
E07000211,Reigate and Banstead,2018,585
E07000211,Reigate and Banstead,2019,615
E07000211,Reigate and Banstead,2020,610
E07000211,Reigate and Banstead,2021,610
E07000211,Reigate and Banstead,2022,605
S12000038,Renfrewshire,2017,655
S12000038,Renfrewshire,2018,660
S12000038,Renfrewshire,2019,635
S12000038,Renfrewshire,2020,620
S12000038,Renfrewshire,2021,620
S12000038,Renfrewshire,2022,635
W06000016,Rhondda Cynon Taf,2017,615
W06000016,Rhondda Cynon Taf,2018,625
W06000016,Rhondda Cynon Taf,2019,625
W06000016,Rhondda Cynon Taf,2020,615
W06000016,Rhondda Cynon Taf,2021,655
W06000016,Rhondda Cynon Taf,2022,645
E07000124,Ribble Valley,2017,300
E07000124,Ribble Valley,2018,300
E07000124,Ribble Valley,2019,310
E07000124,Ribble Valley,2020,320
E07000124,Ribble Valley,2021,315
E07000124,Ribble Valley,2022,335
E09000027,Richmond upon Thames,2017,900
E09000027,Richmond upon Thames,2018,930
E09000027,Richmond upon Thames,2019,925
E09000027,Richmond upon Thames,2020,900
E09000027,Richmond upon Thames,2021,895
E09000027,Richmond upon Thames,2022,925
E07000166,Richmondshire,2017,245
E07000166,Richmondshire,2018,250
E07000166,Richmondshire,2019,250
E07000166,Richmondshire,2020,235
E07000166,Richmondshire,2021,245
E07000166,Richmondshire,2022,260
E08000005,Rochdale,2017,790
E08000005,Rochdale,2018,785
E08000005,Rochdale,2019,810
E08000005,Rochdale,2020,785
E08000005,Rochdale,2021,830
E08000005,Rochdale,2022,825
E07000075,Rochford,2017,325
E07000075,Rochford,2018,300
E07000075,Rochford,2019,310
E07000075,Rochford,2020,310
E07000075,Rochford,2021,295
E07000075,Rochford,2022,300
E07000125,Rossendale,2017,280
E07000125,Rossendale,2018,275
E07000125,Rossendale,2019,285
E07000125,Rossendale,2020,265
E07000125,Rossendale,2021,300
E07000125,Rossendale,2022,315
E07000064,Rother,2017,380
E07000064,Rother,2018,375
E07000064,Rother,2019,360
E07000064,Rother,2020,350
E07000064,Rother,2021,370
E07000064,Rother,2022,375
E08000018,Rotherham,2017,825
E08000018,Rotherham,2018,845
E08000018,Rotherham,2019,865
E08000018,Rotherham,2020,870
E08000018,Rotherham,2021,890
E08000018,Rotherham,2022,915
E07000220,Rugby,2017,410
E07000220,Rugby,2018,410
E07000220,Rugby,2019,405
E07000220,Rugby,2020,390
E07000220,Rugby,2021,435
E07000220,Rugby,2022,410
E07000212,Runnymede,2017,460
E07000212,Runnymede,2018,450
E07000212,Runnymede,2019,450
E07000212,Runnymede,2020,430
E07000212,Runnymede,2021,425
E07000212,Runnymede,2022,420
E07000176,Rushcliffe,2017,465
E07000176,Rushcliffe,2018,455
E07000176,Rushcliffe,2019,445
E07000176,Rushcliffe,2020,435
E07000176,Rushcliffe,2021,435
E07000176,Rushcliffe,2022,465
E07000092,Rushmoor,2017,440
E07000092,Rushmoor,2018,450
E07000092,Rushmoor,2019,440
E07000092,Rushmoor,2020,450
E07000092,Rushmoor,2021,435
E07000092,Rushmoor,2022,450
E06000017,Rutland,2017,190
E06000017,Rutland,2018,190
E06000017,Rutland,2019,190
E06000017,Rutland,2020,190
E06000017,Rutland,2021,185
E06000017,Rutland,2022,195
E07000167,Ryedale,2017,330
E07000167,Ryedale,2018,330
E07000167,Ryedale,2019,335
E07000167,Ryedale,2020,340
E07000167,Ryedale,2021,330
E07000167,Ryedale,2022,345
E08000006,Salford,2017,1035
E08000006,Salford,2018,1080
E08000006,Salford,2019,1085
E08000006,Salford,2020,1075
E08000006,Salford,2021,1085
E08000006,Salford,2022,1170
E08000028,Sandwell,2017,1255
E08000028,Sandwell,2018,1190
E08000028,Sandwell,2019,1210
E08000028,Sandwell,2020,1180
E08000028,Sandwell,2021,1190
E08000028,Sandwell,2022,1215
E07000168,Scarborough,2017,510
E07000168,Scarborough,2018,500
E07000168,Scarborough,2019,505
E07000168,Scarborough,2020,490
E07000168,Scarborough,2021,495
E07000168,Scarborough,2022,510
S12000026,Scottish Borders,2017,420
S12000026,Scottish Borders,2018,420
S12000026,Scottish Borders,2019,425
S12000026,Scottish Borders,2020,410
S12000026,Scottish Borders,2021,405
S12000026,Scottish Borders,2022,425
E07000188,Sedgemoor,2017,470
E07000188,Sedgemoor,2018,470
E07000188,Sedgemoor,2019,470
E07000188,Sedgemoor,2020,490
E07000188,Sedgemoor,2021,525
E07000188,Sedgemoor,2022,710
E08000014,Sefton,2017,825
E08000014,Sefton,2018,810
E08000014,Sefton,2019,845
E08000014,Sefton,2020,825
E08000014,Sefton,2021,840
E08000014,Sefton,2022,870
E07000169,Selby,2017,320
E07000169,Selby,2018,335
E07000169,Selby,2019,330
E07000169,Selby,2020,335
E07000169,Selby,2021,345
E07000169,Selby,2022,370
E07000111,Sevenoaks,2017,610
E07000111,Sevenoaks,2018,600
E07000111,Sevenoaks,2019,610
E07000111,Sevenoaks,2020,595
E07000111,Sevenoaks,2021,600
E07000111,Sevenoaks,2022,625
E08000019,Sheffield,2017,2210
E08000019,Sheffield,2018,2175
E08000019,Sheffield,2019,2120
E08000019,Sheffield,2020,2090
E08000019,Sheffield,2021,2210
E08000019,Sheffield,2022,2330
S12000027,Shetland Islands,2017,150
S12000027,Shetland Islands,2018,145
S12000027,Shetland Islands,2019,145
S12000027,Shetland Islands,2020,145
S12000027,Shetland Islands,2021,135
S12000027,Shetland Islands,2022,140
E06000051,Shropshire,2017,1355
E06000051,Shropshire,2018,1365
E06000051,Shropshire,2019,1390
E06000051,Shropshire,2020,1350
E06000051,Shropshire,2021,1400
E06000051,Shropshire,2022,1455
E06000039,Slough,2017,640
E06000039,Slough,2018,640
E06000039,Slough,2019,645
E06000039,Slough,2020,635
E06000039,Slough,2021,640
E06000039,Slough,2022,635
E08000029,Solihull,2017,795
E08000029,Solihull,2018,785
E08000029,Solihull,2019,810
E08000029,Solihull,2020,795
E08000029,Solihull,2021,800
E08000029,Solihull,2022,870
E07000246,Somerset West and Taunton,2017,635
E07000246,Somerset West and Taunton,2018,630
E07000246,Somerset West and Taunton,2019,640
E07000246,Somerset West and Taunton,2020,600
E07000246,Somerset West and Taunton,2021,600
E07000246,Somerset West and Taunton,2022,610
S12000028,South Ayrshire,2017,410
S12000028,South Ayrshire,2018,420
S12000028,South Ayrshire,2019,420
S12000028,South Ayrshire,2020,410
S12000028,South Ayrshire,2021,415
S12000028,South Ayrshire,2022,430
E07000012,South Cambridgeshire,2017,875
E07000012,South Cambridgeshire,2018,885
E07000012,South Cambridgeshire,2019,915
E07000012,South Cambridgeshire,2020,905
E07000012,South Cambridgeshire,2021,935
E07000012,South Cambridgeshire,2022,975
E07000039,South Derbyshire,2017,325
E07000039,South Derbyshire,2018,330
E07000039,South Derbyshire,2019,325
E07000039,South Derbyshire,2020,330
E07000039,South Derbyshire,2021,345
E07000039,South Derbyshire,2022,355
E06000025,South Gloucestershire,2017,1055
E06000025,South Gloucestershire,2018,1055
E06000025,South Gloucestershire,2019,1065
E06000025,South Gloucestershire,2020,1020
E06000025,South Gloucestershire,2021,1060
E06000025,South Gloucestershire,2022,1085
E07000044,South Hams,2017,545
E07000044,South Hams,2018,540
E07000044,South Hams,2019,535
E07000044,South Hams,2020,520
E07000044,South Hams,2021,535
E07000044,South Hams,2022,565
E07000140,South Holland,2017,330
E07000140,South Holland,2018,320
E07000140,South Holland,2019,320
E07000140,South Holland,2020,315
E07000140,South Holland,2021,320
E07000140,South Holland,2022,330
E07000141,South Kesteven,2017,585
E07000141,South Kesteven,2018,560
E07000141,South Kesteven,2019,560
E07000141,South Kesteven,2020,555
E07000141,South Kesteven,2021,735
E07000141,South Kesteven,2022,650
E07000031,South Lakeland,2017,725
E07000031,South Lakeland,2018,740
E07000031,South Lakeland,2019,725
E07000031,South Lakeland,2020,720
E07000031,South Lakeland,2021,725
E07000031,South Lakeland,2022,720
S12000029,South Lanarkshire,2017,1005
S12000029,South Lanarkshire,2018,995
S12000029,South Lanarkshire,2019,1030
S12000029,South Lanarkshire,2020,1015
S12000029,South Lanarkshire,2021,1010
S12000029,South Lanarkshire,2022,1055
E07000149,South Norfolk,2017,465
E07000149,South Norfolk,2018,475
E07000149,South Norfolk,2019,480
E07000149,South Norfolk,2020,485
E07000149,South Norfolk,2021,495
E07000149,South Norfolk,2022,515
E07000179,South Oxfordshire,2017,740
E07000179,South Oxfordshire,2018,725
E07000179,South Oxfordshire,2019,735
E07000179,South Oxfordshire,2020,740
E07000179,South Oxfordshire,2021,740
E07000179,South Oxfordshire,2022,740
E07000126,South Ribble,2017,500
E07000126,South Ribble,2018,520
E07000126,South Ribble,2019,515
E07000126,South Ribble,2020,500
E07000126,South Ribble,2021,500
E07000126,South Ribble,2022,535
E07000189,South Somerset,2017,680
E07000189,South Somerset,2018,675
E07000189,South Somerset,2019,700
E07000189,South Somerset,2020,680
E07000189,South Somerset,2021,680
E07000189,South Somerset,2022,665
E07000196,South Staffordshire,2017,375
E07000196,South Staffordshire,2018,370
E07000196,South Staffordshire,2019,380
E07000196,South Staffordshire,2020,370
E07000196,South Staffordshire,2021,430
E07000196,South Staffordshire,2022,460
E08000023,South Tyneside,2017,365
E08000023,South Tyneside,2018,365
E08000023,South Tyneside,2019,410
E08000023,South Tyneside,2020,370
E08000023,South Tyneside,2021,375
E08000023,South Tyneside,2022,390
E06000045,Southampton,2017,765
E06000045,Southampton,2018,740
E06000045,Southampton,2019,725
E06000045,Southampton,2020,720
E06000045,Southampton,2021,730
E06000045,Southampton,2022,765
E06000033,Southend-on-Sea,2017,645
E06000033,Southend-on-Sea,2018,670
E06000033,Southend-on-Sea,2019,610
E06000033,Southend-on-Sea,2020,595
E06000033,Southend-on-Sea,2021,630
E06000033,Southend-on-Sea,2022,650
E09000028,Southwark,2017,2090
E09000028,Southwark,2018,2165
E09000028,Southwark,2019,2210
E09000028,Southwark,2020,2195
E09000028,Southwark,2021,2210
E09000028,Southwark,2022,2390
E07000213,Spelthorne,2017,360
E07000213,Spelthorne,2018,345
E07000213,Spelthorne,2019,350
E07000213,Spelthorne,2020,335
E07000213,Spelthorne,2021,330
E07000213,Spelthorne,2022,345
E07000240,St Albans,2017,740
E07000240,St Albans,2018,740
E07000240,St Albans,2019,780
E07000240,St Albans,2020,710
E07000240,St Albans,2021,740
E07000240,St Albans,2022,755
E08000013,St. Helens,2017,570
E08000013,St. Helens,2018,570
E08000013,St. Helens,2019,580
E08000013,St. Helens,2020,590
E08000013,St. Helens,2021,595
E08000013,St. Helens,2022,605
E07000197,Stafford,2017,525
E07000197,Stafford,2018,525
E07000197,Stafford,2019,535
E07000197,Stafford,2020,540
E07000197,Stafford,2021,550
E07000197,Stafford,2022,590
E07000198,Staffordshire Moorlands,2017,295
E07000198,Staffordshire Moorlands,2018,300
E07000198,Staffordshire Moorlands,2019,315
E07000198,Staffordshire Moorlands,2020,315
E07000198,Staffordshire Moorlands,2021,315
E07000198,Staffordshire Moorlands,2022,315
E07000243,Stevenage,2017,305
E07000243,Stevenage,2018,305
E07000243,Stevenage,2019,320
E07000243,Stevenage,2020,310
E07000243,Stevenage,2021,310
E07000243,Stevenage,2022,320
S12000030,Stirling,2017,425
S12000030,Stirling,2018,430
S12000030,Stirling,2019,435
S12000030,Stirling,2020,420
S12000030,Stirling,2021,415
S12000030,Stirling,2022,435
E08000007,Stockport,2017,1230
E08000007,Stockport,2018,1245
E08000007,Stockport,2019,1205
E08000007,Stockport,2020,1225
E08000007,Stockport,2021,1250
E08000007,Stockport,2022,1340
E06000004,Stockton-on-Tees,2017,675
E06000004,Stockton-on-Tees,2018,685
E06000004,Stockton-on-Tees,2019,675
E06000004,Stockton-on-Tees,2020,680
E06000004,Stockton-on-Tees,2021,690
E06000004,Stockton-on-Tees,2022,705
E06000021,Stoke-on-Trent,2017,895
E06000021,Stoke-on-Trent,2018,920
E06000021,Stoke-on-Trent,2019,925
E06000021,Stoke-on-Trent,2020,900
E06000021,Stoke-on-Trent,2021,890
E06000021,Stoke-on-Trent,2022,930
E07000221,Stratford-on-Avon,2017,755
E07000221,Stratford-on-Avon,2018,780
E07000221,Stratford-on-Avon,2019,800
E07000221,Stratford-on-Avon,2020,790
E07000221,Stratford-on-Avon,2021,825
E07000221,Stratford-on-Avon,2022,850
E07000082,Stroud,2017,600
E07000082,Stroud,2018,625
E07000082,Stroud,2019,615
E07000082,Stroud,2020,615
E07000082,Stroud,2021,600
E07000082,Stroud,2022,615
E08000024,Sunderland,2017,790
E08000024,Sunderland,2018,785
E08000024,Sunderland,2019,785
E08000024,Sunderland,2020,800
E08000024,Sunderland,2021,800
E08000024,Sunderland,2022,795
E07000214,Surrey Heath,2017,465
E07000214,Surrey Heath,2018,460
E07000214,Surrey Heath,2019,450
E07000214,Surrey Heath,2020,450
E07000214,Surrey Heath,2021,460
E07000214,Surrey Heath,2022,485
E09000029,Sutton,2017,605
E09000029,Sutton,2018,595
E09000029,Sutton,2019,570
E09000029,Sutton,2020,570
E09000029,Sutton,2021,560
E09000029,Sutton,2022,575
E07000113,Swale,2017,480
E07000113,Swale,2018,485
E07000113,Swale,2019,485
E07000113,Swale,2020,485
E07000113,Swale,2021,510
E07000113,Swale,2022,535
W06000011,Swansea,2017,895
W06000011,Swansea,2018,875
W06000011,Swansea,2019,840
W06000011,Swansea,2020,815
W06000011,Swansea,2021,825
W06000011,Swansea,2022,855
E06000030,Swindon,2017,750
E06000030,Swindon,2018,750
E06000030,Swindon,2019,740
E06000030,Swindon,2020,690
E06000030,Swindon,2021,700
E06000030,Swindon,2022,730
E08000008,Tameside,2017,700
E08000008,Tameside,2018,685
E08000008,Tameside,2019,690
E08000008,Tameside,2020,675
E08000008,Tameside,2021,685
E08000008,Tameside,2022,710
E07000199,Tamworth,2017,295
E07000199,Tamworth,2018,310
E07000199,Tamworth,2019,315
E07000199,Tamworth,2020,305
E07000199,Tamworth,2021,305
E07000199,Tamworth,2022,310
E07000215,Tandridge,2017,385
E07000215,Tandridge,2018,380
E07000215,Tandridge,2019,390
E07000215,Tandridge,2020,385
E07000215,Tandridge,2021,380
E07000215,Tandridge,2022,400
E07000045,Teignbridge,2017,625
E07000045,Teignbridge,2018,650
E07000045,Teignbridge,2019,650
E07000045,Teignbridge,2020,640
E07000045,Teignbridge,2021,650
E07000045,Teignbridge,2022,690
E06000020,Telford and Wrekin,2017,650
E06000020,Telford and Wrekin,2018,655
E06000020,Telford and Wrekin,2019,670
E06000020,Telford and Wrekin,2020,675
E06000020,Telford and Wrekin,2021,670
E06000020,Telford and Wrekin,2022,735
E07000076,Tendring,2017,470
E07000076,Tendring,2018,445
E07000076,Tendring,2019,450
E07000076,Tendring,2020,430
E07000076,Tendring,2021,460
E07000076,Tendring,2022,480
E07000093,Test Valley,2017,655
E07000093,Test Valley,2018,660
E07000093,Test Valley,2019,665
E07000093,Test Valley,2020,655
E07000093,Test Valley,2021,660
E07000093,Test Valley,2022,675
E07000083,Tewkesbury,2017,480
E07000083,Tewkesbury,2018,495
E07000083,Tewkesbury,2019,490
E07000083,Tewkesbury,2020,485
E07000083,Tewkesbury,2021,500
E07000083,Tewkesbury,2022,520
E07000114,Thanet,2017,390
E07000114,Thanet,2018,400
E07000114,Thanet,2019,405
E07000114,Thanet,2020,395
E07000114,Thanet,2021,405
E07000114,Thanet,2022,435
E07000102,Three Rivers,2017,435
E07000102,Three Rivers,2018,440
E07000102,Three Rivers,2019,410
E07000102,Three Rivers,2020,420
E07000102,Three Rivers,2021,445
E07000102,Three Rivers,2022,460
E06000034,Thurrock,2017,470
E06000034,Thurrock,2018,485
E06000034,Thurrock,2019,520
E06000034,Thurrock,2020,530
E06000034,Thurrock,2021,525
E06000034,Thurrock,2022,540
E07000115,Tonbridge and Malling,2017,610
E07000115,Tonbridge and Malling,2018,625
E07000115,Tonbridge and Malling,2019,620
E07000115,Tonbridge and Malling,2020,635
E07000115,Tonbridge and Malling,2021,670
E07000115,Tonbridge and Malling,2022,670
E06000027,Torbay,2017,470
E06000027,Torbay,2018,460
E06000027,Torbay,2019,460
E06000027,Torbay,2020,450
E06000027,Torbay,2021,465
E06000027,Torbay,2022,480
W06000020,Torfaen,2017,300
W06000020,Torfaen,2018,300
W06000020,Torfaen,2019,290
W06000020,Torfaen,2020,290
W06000020,Torfaen,2021,295
W06000020,Torfaen,2022,305
E07000046,Torridge,2017,270
E07000046,Torridge,2018,260
E07000046,Torridge,2019,270
E07000046,Torridge,2020,270
E07000046,Torridge,2021,275
E07000046,Torridge,2022,280
E09000030,Tower Hamlets,2017,1750
E09000030,Tower Hamlets,2018,1820
E09000030,Tower Hamlets,2019,1865
E09000030,Tower Hamlets,2020,1875
E09000030,Tower Hamlets,2021,1900
E09000030,Tower Hamlets,2022,1955
E08000009,Trafford,2017,1260
E08000009,Trafford,2018,1260
E08000009,Trafford,2019,1275
E08000009,Trafford,2020,1305
E08000009,Trafford,2021,1325
E08000009,Trafford,2022,1370
E07000116,Tunbridge Wells,2017,605
E07000116,Tunbridge Wells,2018,600
E07000116,Tunbridge Wells,2019,580
E07000116,Tunbridge Wells,2020,545
E07000116,Tunbridge Wells,2021,545
E07000116,Tunbridge Wells,2022,575
E07000077,Uttlesford,2017,485
E07000077,Uttlesford,2018,475
E07000077,Uttlesford,2019,460
E07000077,Uttlesford,2020,465
E07000077,Uttlesford,2021,470
E07000077,Uttlesford,2022,495
W06000014,Vale of Glamorgan,2017,395
W06000014,Vale of Glamorgan,2018,390
W06000014,Vale of Glamorgan,2019,385
W06000014,Vale of Glamorgan,2020,375
W06000014,Vale of Glamorgan,2021,390
W06000014,Vale of Glamorgan,2022,415
E07000180,Vale of White Horse,2017,615
E07000180,Vale of White Horse,2018,635
E07000180,Vale of White Horse,2019,635
E07000180,Vale of White Horse,2020,650
E07000180,Vale of White Horse,2021,680
E07000180,Vale of White Horse,2022,710
E08000036,Wakefield,2017,1165
E08000036,Wakefield,2018,1170
E08000036,Wakefield,2019,1165
E08000036,Wakefield,2020,1135
E08000036,Wakefield,2021,1155
E08000036,Wakefield,2022,1185
E08000030,Walsall,2017,1015
E08000030,Walsall,2018,965
E08000030,Walsall,2019,950
E08000030,Walsall,2020,915
E08000030,Walsall,2021,970
E08000030,Walsall,2022,955
E09000031,Waltham Forest,2017,655
E09000031,Waltham Forest,2018,650
E09000031,Waltham Forest,2019,655
E09000031,Waltham Forest,2020,645
E09000031,Waltham Forest,2021,690
E09000031,Waltham Forest,2022,725
E09000032,Wandsworth,2017,1070
E09000032,Wandsworth,2018,1085
E09000032,Wandsworth,2019,1105
E09000032,Wandsworth,2020,1100
E09000032,Wandsworth,2021,1090
E09000032,Wandsworth,2022,1130
E06000007,Warrington,2017,895
E06000007,Warrington,2018,900
E06000007,Warrington,2019,945
E06000007,Warrington,2020,900
E06000007,Warrington,2021,935
E06000007,Warrington,2022,965
E07000222,Warwick,2017,825
E07000222,Warwick,2018,800
E07000222,Warwick,2019,800
E07000222,Warwick,2020,785
E07000222,Warwick,2021,795
E07000222,Warwick,2022,830
E07000103,Watford,2017,540
E07000103,Watford,2018,520
E07000103,Watford,2019,525
E07000103,Watford,2020,510
E07000103,Watford,2021,495
E07000103,Watford,2022,535
E07000216,Waverley,2017,685
E07000216,Waverley,2018,685
E07000216,Waverley,2019,675
E07000216,Waverley,2020,655
E07000216,Waverley,2021,625
E07000216,Waverley,2022,655
E07000065,Wealden,2017,705
E07000065,Wealden,2018,700
E07000065,Wealden,2019,700
E07000065,Wealden,2020,700
E07000065,Wealden,2021,695
E07000065,Wealden,2022,705
E07000241,Welwyn Hatfield,2017,500
E07000241,Welwyn Hatfield,2018,520
E07000241,Welwyn Hatfield,2019,505
E07000241,Welwyn Hatfield,2020,495
E07000241,Welwyn Hatfield,2021,510
E07000241,Welwyn Hatfield,2022,515
E06000037,West Berkshire,2017,925
E06000037,West Berkshire,2018,900
E06000037,West Berkshire,2019,905
E06000037,West Berkshire,2020,895
E06000037,West Berkshire,2021,905
E06000037,West Berkshire,2022,910
E07000047,West Devon,2017,240
E07000047,West Devon,2018,250
E07000047,West Devon,2019,250
E07000047,West Devon,2020,235
E07000047,West Devon,2021,230
E07000047,West Devon,2022,235
S12000039,West Dunbartonshire,2017,235
S12000039,West Dunbartonshire,2018,225
S12000039,West Dunbartonshire,2019,230
S12000039,West Dunbartonshire,2020,230
S12000039,West Dunbartonshire,2021,235
S12000039,West Dunbartonshire,2022,230
E07000127,West Lancashire,2017,535
E07000127,West Lancashire,2018,520
E07000127,West Lancashire,2019,520
E07000127,West Lancashire,2020,515
E07000127,West Lancashire,2021,510
E07000127,West Lancashire,2022,535
E07000142,West Lindsey,2017,305
E07000142,West Lindsey,2018,310
E07000142,West Lindsey,2019,320
E07000142,West Lindsey,2020,315
E07000142,West Lindsey,2021,320
E07000142,West Lindsey,2022,320
S12000040,West Lothian,2017,555
S12000040,West Lothian,2018,560
S12000040,West Lothian,2019,570
S12000040,West Lothian,2020,560
S12000040,West Lothian,2021,580
S12000040,West Lothian,2022,600
E06000062,West Northamptonshire,2017,1780
E06000062,West Northamptonshire,2018,1785
E06000062,West Northamptonshire,2019,1850
E06000062,West Northamptonshire,2020,1975
E06000062,West Northamptonshire,2021,1815
E06000062,West Northamptonshire,2022,1870
E07000181,West Oxfordshire,2017,550
E07000181,West Oxfordshire,2018,565
E07000181,West Oxfordshire,2019,565
E07000181,West Oxfordshire,2020,545
E07000181,West Oxfordshire,2021,570
E07000181,West Oxfordshire,2022,600
E07000245,West Suffolk,2017,840
E07000245,West Suffolk,2018,840
E07000245,West Suffolk,2019,845
E07000245,West Suffolk,2020,815
E07000245,West Suffolk,2021,830
E07000245,West Suffolk,2022,845
E09000033,Westminster,2017,7665
E09000033,Westminster,2018,7945
E09000033,Westminster,2019,8245
E09000033,Westminster,2020,8105
E09000033,Westminster,2021,8045
E09000033,Westminster,2022,8440
E08000010,Wigan,2017,965
E08000010,Wigan,2018,965
E08000010,Wigan,2019,990
E08000010,Wigan,2020,1000
E08000010,Wigan,2021,1020
E08000010,Wigan,2022,1040
E06000054,Wiltshire,2017,2035
E06000054,Wiltshire,2018,2035
E06000054,Wiltshire,2019,2080
E06000054,Wiltshire,2020,2030
E06000054,Wiltshire,2021,2055
E06000054,Wiltshire,2022,2095
E07000094,Winchester,2017,1120
E07000094,Winchester,2018,1195
E07000094,Winchester,2019,1230
E07000094,Winchester,2020,1250
E07000094,Winchester,2021,1315
E07000094,Winchester,2022,1400
E06000040,Windsor and Maidenhead,2017,865
E06000040,Windsor and Maidenhead,2018,880
E06000040,Windsor and Maidenhead,2019,880
E06000040,Windsor and Maidenhead,2020,880
E06000040,Windsor and Maidenhead,2021,865
E06000040,Windsor and Maidenhead,2022,925
E08000015,Wirral,2017,965
E08000015,Wirral,2018,940
E08000015,Wirral,2019,975
E08000015,Wirral,2020,940
E08000015,Wirral,2021,945
E08000015,Wirral,2022,975
E07000217,Woking,2017,470
E07000217,Woking,2018,465
E07000217,Woking,2019,485
E07000217,Woking,2020,455
E07000217,Woking,2021,455
E07000217,Woking,2022,480
E06000041,Wokingham,2017,760
E06000041,Wokingham,2018,770
E06000041,Wokingham,2019,780
E06000041,Wokingham,2020,765
E06000041,Wokingham,2021,790
E06000041,Wokingham,2022,825
E08000031,Wolverhampton,2017,930
E08000031,Wolverhampton,2018,935
E08000031,Wolverhampton,2019,955
E08000031,Wolverhampton,2020,925
E08000031,Wolverhampton,2021,1085
E08000031,Wolverhampton,2022,1060
E07000237,Worcester,2017,385
E07000237,Worcester,2018,360
E07000237,Worcester,2019,375
E07000237,Worcester,2020,370
E07000237,Worcester,2021,420
E07000237,Worcester,2022,410
E07000229,Worthing,2017,405
E07000229,Worthing,2018,410
E07000229,Worthing,2019,400
E07000229,Worthing,2020,390
E07000229,Worthing,2021,400
E07000229,Worthing,2022,420
W06000006,Wrexham,2017,450
W06000006,Wrexham,2018,455
W06000006,Wrexham,2019,455
W06000006,Wrexham,2020,445
W06000006,Wrexham,2021,440
W06000006,Wrexham,2022,450
E07000238,Wychavon,2017,585
E07000238,Wychavon,2018,585
E07000238,Wychavon,2019,615
E07000238,Wychavon,2020,615
E07000238,Wychavon,2021,735
E07000238,Wychavon,2022,710
E07000128,Wyre,2017,400
E07000128,Wyre,2018,405
E07000128,Wyre,2019,405
E07000128,Wyre,2020,385
E07000128,Wyre,2021,400
E07000128,Wyre,2022,420
E07000239,Wyre Forest,2017,355
E07000239,Wyre Forest,2018,355
E07000239,Wyre Forest,2019,360
E07000239,Wyre Forest,2020,365
E07000239,Wyre Forest,2021,450
E07000239,Wyre Forest,2022,425
E06000014,York,2017,875
E06000014,York,2018,890
E06000014,York,2019,885
E06000014,York,2020,865
E06000014,York,2021,875
E06000014,York,2022,915
