FID,LAD22CD,LAD22NM,BNG_E,BNG_N,LONG,LAT,Shape__Area,Shape__Length,GlobalID
1,E06000001,Hartlepool,447160,531474,-1.27018,54.67614,96607268.5311737,50737.9098442795,0c2caf9e-a186-4be5-81a1-ff4fcc433ee5
2,E06000002,Middlesbrough,451141,516887,-1.21099,54.54467,55230925.9235535,35500.2899879195,d8f66fd8-675d-4281-9135-fed1eb03c050
3,E06000003,Redcar and Cleveland,464361,519597,-1.00608,54.56752,248289166.844574,85092.5324924677,18448935-5fd0-405d-9a10-f45369a5ec18
4,E06000004,Stockton-on-Tees,444940,518183,-1.30664,54.55691,205216887.41275,88846.5766044065,415688c3-c6d2-432e-b92b-015797493736
5,E06000005,Darlington,428029,515648,-1.56835,54.53534,198811930.495239,91926.5397624121,2ef3ee9b-b57d-4488-b1cd-df2cabb46449
6,E06000006,Halton,354246,382146,-2.68853,53.33424,80374511.3342972,67035.6072432394,77375ecd-f612-4ea6-839e-e395b7939b36
7,E06000007,Warrington,362744,388456,-2.56167,53.39163,178559431.457207,72275.5255247822,8f7d63a2-9834-4b14-82fc-102931442ed0
8,E06000008,Blackburn with Darwen,369490,422806,-2.4636,53.7008,139386373.73761,55099.1507003377,c1ca7427-2afc-4072-842b-360ce36ef6d4
9,E06000009,Blackpool,332819,436635,-3.02199,53.82164,33560284.3392181,29842.0467813647,53af5c49-b122-4c00-acf5-cd9881842db2
10,E06000010,"Kingston upon Hull, City of",511894,431650,-0.30382,53.7692,70875062.3698273,40935.1829504759,ec689e00-d343-49b7-8d4c-f7492dd724f6
11,E06000011,East Riding of Yorkshire,488056,443597,-0.66195,53.88112,2407837270.69218,344633.021674623,d1d3f769-4162-44f8-a03d-f37d13254120
12,E06000012,North East Lincolnshire,523465,404564,-0.13911,53.52327,190561609.061356,78299.1136658372,93646c12-99f1-4ddf-b1af-13a7b4f52d90
13,E06000013,North Lincolnshire,497800,410993,-0.52407,53.58643,849079707.770065,183044.892871652,0bc6b084-3682-4dbf-beba-a1ecaea45f1d
14,E06000014,York,460864,452589,-1.07375,53.96582,275329708.969635,84242.7525994526,9b08b382-c47d-4230-8908-99ac65b82925
15,E06000015,Derby,435609,335375,-1.47189,52.91464,78270268.2160492,40201.8369858684,a0a0c766-cd7b-4089-a916-4b129d5c32eb
16,E06000016,Leicester,458946,304594,-1.1304,52.63592,73589165.1551971,40830.2301887663,661bd6cd-cedd-4858-b7de-53aee7e492e9
17,E06000017,Rutland,492992,308655,-0.6263,52.66765,391236167.880722,96479.7968339204,5087b291-6f1e-4cf1-a31c-1ef138da0214
18,E06000018,Nottingham,456082,339969,-1.16667,52.95419,75870408.9552002,49574.8901430337,81764ac8-71ff-4f10-9301-4aa387463f9c
19,E06000019,"Herefordshire, County of",349434,242834,-2.73931,52.08154,2180535242.10474,285423.207022993,8ea0e988-9e0d-4a75-8d5a-68eab824b185
20,E06000020,Telford and Wrekin,367035,313057,-2.48941,52.71417,291803346.062859,93575.5081693578,4c0a2a57-ad67-42c0-a0e7-9804da3d5c06
21,E06000021,Stoke-on-Trent,389438,346652,-2.15888,53.01707,92988898.0326004,51303.9763566544,1b965abe-f64f-4900-9593-a199ed11fa91
22,E06000022,Bath and North East Somerset,366217,161999,-2.48654,51.35604,348611816.21056,107062.696328706,098aefb2-94b2-49cf-8f53-2852e10a615f
23,E06000023,"Bristol, City of",359990,174846,-2.57742,51.47115,111321247.09568,77590.2264979277,87ea070c-0f4e-4b51-99db-722e7b120ef1
24,E06000024,North Somerset,347614,166718,-2.75438,51.39706,373571730.39901,114738.998169323,37abac09-8c72-4b20-9510-f153de1f8f30
25,E06000025,South Gloucestershire,367559,183198,-2.46922,51.54673,500483844.765163,114719.593974583,49e20eac-79fe-4819-bae6-a4a5ec40c196
26,E06000026,Plymouth,249945,58255,-4.11297,50.40494,81990937.2854958,56400.7779554122,0b1c45b8-da62-417f-ba6b-237a0ee9e24e
27,E06000027,Torbay,289730,64613,-3.55523,50.47092,65488457.4957266,55444.3423163654,34b7c5d3-e9f2-48d6-8939-6f75637ad7df
28,E06000030,Swindon,418551,186564,-1.73367,51.57763,227716487.290901,83669.7474148242,0a9bbb59-0a5b-4dc2-8b45-646af75b110a
29,E06000031,Peterborough,517372,300777,-0.26874,52.59214,341526539.430695,97208.3826482827,5dddee0c-6ec9-4188-b0f4-ce864e5cbed6
30,E06000032,Luton,508606,222559,-0.42319,51.89102,44068117.7992706,30772.5559397546,e939979e-227d-4290-9673-515f301eca53
31,E06000033,Southend-on-Sea,587777,186837,0.706923,51.54917,44407807.2787857,33038.5577183714,0dbad113-391f-447f-8093-290216e0e7fc
32,E06000034,Thurrock,562123,181590,0.334861,51.50998,161607747.366356,73501.3032860924,ee0ebff3-6a3d-40ab-a6c3-3817b06f51a0
33,E06000035,Medway,578207,175198,0.563174,51.44772,190701086.129517,115776.742081311,a0c7686b-e5b6-4d84-ae4f-561700aab652
34,E06000036,Bracknell Forest,488169,168792,-0.73363,51.4113,108233672.335564,57917.0191370737,40cc0149-6ad8-494d-bf61-c939da8c2ffd
35,E06000037,West Berkshire,450575,172095,-1.27364,51.44559,701219073.06353,143114.367335356,b7248088-2379-4383-9ace-3c5d8e50452f
36,E06000038,Reading,470226,173154,-0.99071,51.45302,41325773.8645706,30503.6581771377,9394772a-04a9-4d35-9820-149f7ce3327c
37,E06000039,Slough,498920,179246,-0.57617,51.5035,32202299.0038605,37004.410991067,b4e1c386-fb8b-4d7d-9ed4-afcbf47433ae
38,E06000040,Windsor and Maidenhead,492079,176541,-0.67541,51.48034,197866882.700325,102785.787238975,a8a0820f-162f-44ff-b695-8bcab4507597
39,E06000041,Wokingham,476624,169902,-0.89935,51.42296,179128214.896759,75871.9283701684,6feae1fe-0477-42d6-b931-6563f9234906
40,E06000042,Milton Keynes,486408,242308,-0.7407,52.07241,309327071.285561,87925.1957102168,d3dfca04-71d6-4c2d-a2d6-004212162b65
41,E06000043,Brighton and Hove,530279,106850,-0.15079,50.8465,85541636.4804726,48484.0925242121,33280039-97aa-42cf-a0b0-819d132a2319
42,E06000044,Portsmouth,465619,101352,-1.07006,50.808,38542607.6093063,54663.3952186734,4ea0113a-952d-488b-8a91-56e04c8f76b9
43,E06000045,Southampton,442303,113700,-1.39952,50.9212,51630345.7373047,37973.1530773138,feded5b6-dc88-4f7f-bef2-09297b7cfb4b
44,E06000046,Isle of Wight,447183,85949,-1.33366,50.67129,379785983.256248,114572.04562551,5117fb93-677b-4628-bfc4-99dfa8e896c0
45,E06000047,County Durham,410381,532242,-1.8405,54.68513,2231232702.40916,264025.107042483,1728ca58-2c3a-4b6f-99c0-4e792a2bd815
46,E06000049,Cheshire East,380510,363462,-2.29299,53.16793,1168794653.97684,236391.60221721,655fd145-250f-40e0-829d-9b198e4232eb
47,E06000050,Cheshire West and Chester,353097,363145,-2.70298,53.16336,919483812.843651,226884.212047228,4afc0a4f-7275-4046-b380-43b200ca43a6
48,E06000051,Shropshire,350227,302960,-2.73667,52.62212,3188263381.39314,469625.315115825,f0b05598-1455-46b3-ace9-866e25f010fa
49,E06000052,Cornwall,212497,64493,-4.64254,50.45022,3573834800.86728,561666.103770846,7db3c693-957b-4dfa-a2a5-65f3755d0370
50,E06000053,Isles of Scilly,91327,11447,-6.30217,49.92332,13574584.3039238,40388.2064704666,16b9e820-7cb9-4c09-affb-ba89797a91b0
51,E06000054,Wiltshire,405209,158863,-1.92661,51.32883,3258225563.67435,348942.124904147,e7f0a42c-658a-4193-ab26-27ce008f6686
52,E06000055,Bedford,505721,256463,-0.45463,52.19628,474719272.55294,115792.615220289,a19e5687-868c-46a6-b005-3a3058e5537a
53,E06000056,Central Bedfordshire,504615,234492,-0.47754,51.99903,709157751.560471,200739.438519426,32ea591d-aa91-46ef-a98e-a325e4b75e93
54,E06000057,Northumberland,395322,600700,-2.07523,55.30038,5032155816.44691,445869.980967768,03b9f67b-22a9-48a8-a4d0-0be065bb6f3d
55,E06000058,"Bournemouth, Christchurch and Poole",410815,94066,-1.84807,50.74609,162214515.35461,94581.0157941255,260a6d8f-5d88-47f3-a033-e8f8e1cd465d
56,E06000059,Dorset,370871,99796,-2.41467,50.79697,2489188755.12702,402010.032663945,b79c856c-c134-42bb-b50d-5c3b9c232cb3
57,E06000060,Buckinghamshire,482506,208561,-0.80569,51.76966,1572311700.70705,301444.184136699,9d2678ab-8070-440c-82e9-f2019a68dc97
58,E06000061,North Northamptonshire,493590,281718,-0.62504,52.42546,993517902.086639,173357.214493491,642a5d74-e59e-4647-a6b5-3ed846875d25
59,E06000062,West Northamptonshire,467187,263879,-1.01682,52.26898,1374391045.69333,214647.345860117,8d461be7-dc72-4ac8-b7d4-ca77ab2d87a1
60,E07000008,Cambridge,545420,257901,0.126436,52.20017,40206167.0286865,30617.9932498982,b3622e90-4a31-4721-8785-c1c53718582c
61,E07000009,East Cambridgeshire,555576,275765,0.283149,52.35788,657743069.846176,166638.054583718,e6cf59ba-be5f-4782-a7f5-d745956ab4fc
62,E07000010,Fenland,536361,294959,0.009016,52.53544,548320827.811447,136403.362605862,8b34197f-2d33-4940-9e75-8f8c08afe48e
63,E07000011,Huntingdonshire,521008,274269,-0.2247,52.35315,911218072.958344,193568.311132942,d0fc0444-6180-4a37-a330-004ce676b606
64,E07000012,South Cambridgeshire,543295,247586,0.091017,52.10805,898577989.583626,225222.436634442,075bdd42-2868-4b53-9b6d-f7c3eca980cb
65,E07000026,Allerdale,317520,532997,-3.2809,54.68524,1256052202.05711,206781.149419302,e6e9b854-1a61-4f46-928c-8ca3a83edbfc
66,E07000027,Barrow-in-Furness,321741,474165,-3.1999,54.15731,74093743.448288,86725.6411929702,48797fe9-9e24-4204-a00b-7f919c582f01
67,E07000028,Carlisle,348576,565154,-2.80498,54.97833,1039189007.99496,180857.265134792,c1b0b3a3-45f3-4557-aac5-cafa201ba2eb
68,E07000029,Copeland,310871,508739,-3.37664,54.46617,741784084.937759,140827.357198213,80bf6623-901f-4ca8-888f-e23d38f55046
69,E07000030,Eden,359636,526396,-2.62678,54.63107,2159498948.08194,236152.072184041,5308bd27-a8ab-4eb7-a585-5c94a1f5c7bd
70,E07000031,South Lakeland,349265,489555,-2.78108,54.29908,1557967071.82347,242420.406290344,842f9ae9-d1b6-451e-b7a2-1306ab782747
71,E07000032,Amber Valley,436166,348084,-1.46219,53.02884,267682039.762314,85444.531445109,2ff039cf-0a31-4ac2-a02a-beca575e827c
72,E07000033,Bolsover,448666,371548,-1.27228,53.23875,160954362.010895,82095.5554952718,57d09676-26bc-4c4e-be16-027cc77dd4d4
73,E07000034,Chesterfield,440049,373359,-1.40115,53.25575,65539249.5526276,41461.8498028334,5cf5d269-1202-4764-a41a-1ba310288767
74,E07000035,Derbyshire Dales,419697,358493,-1.70711,53.12326,795379915.312721,197736.811906444,190a7c6f-106c-4ffa-856d-978311521029
75,E07000036,Erewash,443721,338063,-1.3509,52.9382,108863746.303848,57580.622577382,542b9b6e-2ed1-4cec-8fd5-90db39c67706
76,E07000037,High Peak,410474,387660,-1.84398,53.38569,539851662.5177,133612.853765193,2c7a51de-1cc5-41a6-87fd-8e57042e8d51
77,E07000038,North East Derbyshire,437369,362955,-1.44253,53.16243,274741983.818039,129085.358021405,e660d9b6-022e-43e3-a98e-6aeb61605be9
78,E07000039,South Derbyshire,431443,325363,-1.5348,52.8249,336648416.080574,128744.995578957,dce47aab-f01b-4b3c-8c1d-f2de278121f7
79,E07000040,East Devon,313787,96051,-3.22364,50.75761,816965903.93696,169113.580971059,6ba3c443-883b-4df3-9870-db6019fc77e3
80,E07000041,Exeter,293239,92005,-3.51368,50.71782,46524189.2298832,30580.507907487,0af0e4cf-82af-4f2e-8436-4c0f91b16182
81,E07000042,Mid Devon,288064,108911,-3.59212,50.86882,906819152.071592,204268.652677482,c099e6df-e751-4066-b8e1-40fc0019b7f1
82,E07000043,North Devon,265110,132532,-3.92691,51.07621,1089332611.32032,202435.517191595,a84de03e-e1a8-4fa6-a532-9f7fb84647e0
83,E07000044,South Hams,270676,54036,-3.81996,50.37195,890099148.74823,244985.707104992,26491436-1679-4e57-b7c3-2d13f3db8ea0
84,E07000045,Teignbridge,283144,80205,-3.65289,50.60981,677091605.622076,133162.294009745,c17c3d7c-b523-48df-9749-007be6a67d1d
85,E07000046,Torridge,244206,114334,-4.21728,50.90739,984734235.645956,225505.290172873,430ad138-d746-481f-af3c-60f3384c26a6
86,E07000047,West Devon,256376,86990,-4.03361,50.66481,1167188528.34972,203924.543688515,0dfc01a9-ac89-4e28-86cc-15ace4d785c9
87,E07000061,Eastbourne,559339,99575,0.258516,50.77387,44442084.962059,29562.5063486801,2ea94fac-ea6e-43f2-b851-c83cc345aea2
88,E07000062,Hastings,581528,110694,0.578395,50.86724,29507839.3522186,27845.7254196628,b65fa0f1-2544-401e-93dc-604363a4058f
89,E07000063,Lewes,541474,105686,0.007671,50.83341,292693920.760811,93913.4189444151,3e4da395-0962-4d6b-b974-f0a0af3a823a
90,E07000064,Rother,578721,119666,0.542937,50.94871,515950032.391853,134126.28731985,767827a4-8c66-4f0d-8432-a76eeba633f7
91,E07000065,Wealden,555048,117180,0.205156,50.93322,839308013.068451,169001.552074662,e75dcc04-f78f-44cf-9a1e-ecd85bad04f9
92,E07000066,Basildon,571548,190848,0.475055,51.59036,110668313.39962,49750.296546838,42491099-f356-4ecd-a5a5-8e0868595e6e
93,E07000067,Braintree,577253,227335,0.575911,51.91634,612575008.401245,131727.844252915,e27202b0-8f1b-4f55-90cc-20832bdd1d02
94,E07000068,Brentwood,558560,196070,0.290091,51.64108,153037243.983368,62499.6746766788,d02770e1-9de5-445e-964f-94d1d965bf81
95,E07000069,Castle Point,579490,187920,0.588084,51.56159,44147776.9158783,36373.3525349644,c8a9fd60-4830-40ff-aeb2-00cd4888636d
96,E07000070,Chelmsford,572116,206972,0.491177,51.73503,340537513.556282,94187.1167627565,5c0c1d24-7149-4dd8-9987-30690146c63d
97,E07000071,Colchester,596944,223693,0.859777,51.87702,328531019.633736,131170.435929482,fc211798-b5c8-4720-83cc-fef3f5cc2fb1
98,E07000072,Epping Forest,548919,203759,0.154147,51.7128,339300918.132965,101264.456921356,33e1967a-8ac5-45e9-9a25-d7c271cdd91e
99,E07000073,Harlow,545276,209589,0.103888,51.76614,29849413.0761337,22091.2206166716,6b88c182-f31a-412c-a8db-542182314f0a
100,E07000074,Maldon,591413,212072,0.773106,51.77458,358354435.981987,160733.467403196,bfee7d02-1e95-4f25-ab32-d8380b006c35
101,E07000075,Rochford,585979,191417,0.683442,51.5909,168434463.344597,106538.295586654,a9f69729-5bc9-483c-bdb4-f98c6d02b19a
102,E07000076,Tendring,614190,222141,1.108981,51.85674,329202834.939491,143575.386770316,ca572c4a-6fd2-4e53-9155-0650360a62ba
103,E07000077,Uttlesford,557832,228865,0.294485,51.93592,645320889.812202,138938.040571171,e5f8162d-5585-4d99-8106-bb6844c1b81d
104,E07000078,Cheltenham,394925,222232,-2.07515,51.89861,46538844.8123627,31000.6848909493,97bcc99d-a590-4999-81e4-85ecffb0511f
105,E07000079,Cotswold,402125,208209,-1.97059,51.77255,1167759352.59168,275897.200205905,6d021d21-1ac1-4402-b1f5-2e863eab9191
106,E07000080,Forest of Dean,367175,212759,-2.47755,51.81249,542674810.657089,166729.081748638,bd3029a7-482d-42e7-909d-65d8ea55666c
107,E07000081,Gloucester,384071,216449,-2.23263,51.84641,40596281.272438,28016.6059928331,d9a5c1d6-fd4b-4f6e-8980-231bc0190f0c
108,E07000082,Stroud,378807,202410,-2.30818,51.72001,472510855.009857,142776.150311486,be4b63a8-51b4-41cb-ac16-94a17e946154
109,E07000083,Tewkesbury,386347,226279,-2.19998,51.93485,413498686.999825,170210.558560995,1dbe4a20-9542-4a28-85d8-4b03850155d3
110,E07000084,Basingstoke and Deane,454508,151423,-1.22021,51.25937,634615589.581947,122974.773844334,04d7a557-e515-47e5-b3d6-7ecd1d72187a
111,E07000085,East Hampshire,474405,129237,-0.9397,51.05765,513782650.837933,124160.786724895,eb890d69-fe77-414c-8c52-bc6eb62af048
112,E07000086,Eastleigh,447199,116807,-1.32947,50.94876,77688558.1833687,54533.3788114187,1a1f45ec-033e-4ac5-8484-6bb0dc315d65
113,E07000087,Fareham,453774,106319,-1.23742,50.85388,73071593.8069191,49793.8620466025,9cb34afe-a349-4aaf-9a54-800c345cfc99
114,E07000088,Gosport,458769,101088,-1.16731,50.80636,25670936.7923965,28825.1990503112,e8ca8244-98c7-4089-9c95-72ad8db7177c
115,E07000089,Hart,477985,154240,-0.88321,51.28197,213323430.307495,65754.7794881366,c84912ea-d90d-4644-8a77-04b5da4fab76
116,E07000090,Havant,470178,108564,-1.00398,50.87231,56149346.998909,61332.1995740851,90c01f70-66ac-4ac2-9858-b6b91384472b
117,E07000091,New Forest,428748,106521,-1.59293,50.85748,754496231.296322,169754.117082789,f51b1c97-0a6f-4430-a6aa-14e77a1c2e86
118,E07000092,Rushmoor,486022,153944,-0.76807,51.27815,39413424.6417465,26427.419434277,a891a6e1-646e-4bea-8239-a48de9058c7b
119,E07000093,Test Valley,434930,137329,-1.50214,51.13417,626161979.299847,159950.769667871,d9f48c99-12e9-474c-bbb8-68562a205837
120,E07000094,Winchester,453115,125901,-1.24393,51.03002,660906127.455715,142819.098115272,c4292f26-3ad1-4060-87d7-4b05ab0a8bc1
121,E07000095,Broxbourne,534742,204251,-0.05073,51.7208,51741960.4562302,34985.1174825521,7e8dc2e5-a220-40bc-96b8-b69f36642c41
122,E07000096,Dacorum,500084,208745,-0.55098,51.76845,214917778.97998,93294.9010512067,91471a9c-6b75-4f73-a7e1-2196a2250836
123,E07000098,Hertsmere,519774,199352,-0.26899,51.68017,99199125.2810059,52254.8720699896,e556bec0-0b6d-4b1b-a97c-03371d0c24f4
124,E07000099,North Hertfordshire,522191,230255,-0.22315,51.95737,372012215.268311,142743.606623634,d575048c-83bf-47e2-800f-7106d761a6dc
125,E07000102,Three Rivers,507313,196418,-0.45005,51.65632,88925907.7578812,64616.2564219806,f5dee819-6cd6-4e47-80a3-3877c3c3fdf2
126,E07000103,Watford,510441,198197,-0.40429,51.6717,22713922.5565033,21681.0689370759,415615bf-c698-49a8-be8d-f0b69fb96945
127,E07000105,Ashford,597640,140644,0.823374,51.13096,582956339.772667,122616.908222331,15b47f49-365b-4c23-a019-b32b1400d1cc
128,E07000106,Canterbury,616032,158096,1.096342,51.28102,308412276.636459,95753.7124344633,6d92cd9a-5d8f-4b28-a4ba-968f5f2317f4
129,E07000107,Dartford,556167,172917,0.245276,51.43373,72779349.2042313,44121.1980499527,801b095f-ba04-4a6c-9063-d95b9f5e1e00
130,E07000108,Dover,628964,150942,1.276887,51.21176,315191259.402176,93266.3744074426,058606cf-a986-4cab-bb56-4adbf3b41944
131,E07000109,Gravesham,566969,169114,0.398744,51.39649,96057776.9175034,50005.3799048343,ccd7623e-d0ed-4697-8505-565a57b3ead2
132,E07000110,Maidstone,580489,151670,0.584061,51.23566,392203482.572571,101298.680377461,465aa382-7cbf-4675-8489-90bdc86aa9d6
133,E07000111,Sevenoaks,552776,155218,0.188936,51.27563,370531322.791183,111493.743499305,29c49c83-a017-4be9-9a93-e43254977113
134,E07000112,Folkestone and Hythe,610318,134595,1.000795,51.07213,359742399.56028,128022.342375488,19357d2b-f772-4750-89b2-104ed3e2ce12
135,E07000113,Swale,593583,161818,0.776893,51.32251,369647334.758812,176774.125603449,5be25730-f878-42a2-94a4-7b2b59f847a3
136,E07000114,Thanet,631839,166752,1.328226,51.35252,104187100.636688,46106.89121095,d6d41667-842c-4dc7-9f1a-f148cb73c711
137,E07000115,Tonbridge and Malling,564014,153898,0.349306,51.26064,243612937.182365,91656.1050015899,0dc439e8-a5e3-4486-8340-b8cbb4c4f5ed
138,E07000116,Tunbridge Wells,573139,136599,0.471632,51.10254,327429108.588219,117002.266002967,ec6779cf-31ae-4d6e-b3ec-74779c6c5eb0
139,E07000117,Burnley,384886,430882,-2.2308,53.77406,111744584.534836,48840.2610450495,1150cdc4-2448-4761-86b3-01da0d400c26
140,E07000118,Chorley,359189,419724,-2.61921,53.6724,202983750.710632,77347.8833835701,f4322920-2d48-49c2-96bd-d739a535f613
141,E07000119,Fylde,339554,433811,-2.91914,53.79709,163602104.396393,71097.5684061639,bb3196e4-5987-425d-a555-7cba1535e6a2
142,E07000120,Hyndburn,374407,428971,-2.38964,53.75648,73415839.3483887,36632.7068267533,d8a1bb70-68dc-4111-a814-c36e3dd778ea
143,E07000121,Lancaster,356896,464988,-2.6603,54.07901,569231141.001953,182210.356251051,44003b61-3fff-4bb8-8d8e-777b9cc33ea6
144,E07000122,Pendle,387637,443368,-2.18957,53.88636,166912809.701309,66104.8783597392,3db738ed-4210-456a-98d3-129fe739f983
145,E07000123,Preston,352825,436432,-2.71809,53.82202,142889476.66275,61312.1296424002,b51c63d1-63dd-45e2-8c74-e1efb8698c34
146,E07000124,Ribble Valley,372687,447676,-2.4174,53.9245,582688304.384064,127823.438886349,57393fb1-d9d0-4025-9db9-574734b193fd
147,E07000125,Rossendale,382827,420955,-2.26149,53.68478,136992518.340286,62470.7877648985,d45d4efa-6c55-49b6-8bb2-1a212558d3e1
148,E07000126,South Ribble,352017,425840,-2.72871,53.72675,114229259.371552,71341.7657031711,6c6cbfe4-b8b7-4efc-abff-0b96dedd205e
149,E07000127,West Lancashire,342611,413270,-2.86893,53.61283,346459060.888931,113411.195388733,dbce2acf-2ac1-4c04-9563-4b03acaf2736
150,E07000128,Wyre,347295,445159,-2.80359,53.89991,285137225.383713,115522.869353078,480d5620-7908-4bd2-9ff4-656e7fd5a8be
151,E07000129,Blaby,454385,297994,-1.19887,52.57706,130075520.505974,80278.7476985504,04a0eafb-bcb6-49ac-8a07-6bf00f238a29
152,E07000130,Charnwood,458365,316155,-1.13694,52.7399,275627407.956375,93463.6857726213,3ec0d6e2-8f13-41af-87f0-046c8dc14495
153,E07000131,Harborough,474549,293875,-0.90229,52.53766,595940981.590088,142557.388323314,e7bb5425-0e4c-4145-8fd2-e0e371f8f9e6
154,E07000132,Hinckley and Bosworth,439538,301379,-1.41755,52.60877,300065242.895699,93517.8416562169,22f37cfa-edb4-424a-b403-49a53f3cdbad
155,E07000133,Melton,477328,323472,-0.8544,52.80329,484034104.697128,116588.545522862,a12f2491-07b0-4dad-848b-73f127b391cd
156,E07000134,North West Leicestershire,439111,316252,-1.42209,52.7425,278295791.045883,95775.8992392215,6b76e0b2-7f45-4e97-aadd-31db8d6b2ba9
157,E07000135,Oadby and Wigston,461543,299379,-1.093,52.58875,23221816.1054306,23050.2510544195,27185622-3041-4522-a6f4-b391108943e6
158,E07000136,Boston,526851,343953,-0.11218,52.97794,365282661.188477,100883.571106818,25175fe6-8d96-4d38-8a10-ae0b66b1d74c
159,E07000137,East Lindsey,534861,376064,0.020516,53.26446,1774451309.00406,229904.105055653,d2d0f4c1-e98e-45a4-b3a5-27a4fb8b5d6b
160,E07000138,Lincoln,496347,370096,-0.55848,53.21921,34776950.2810211,28546.9242862253,69db03cb-8a18-467d-8d54-8add4a630f5c
161,E07000139,North Kesteven,502135,354788,-0.4767,53.08058,921048722.357071,163501.578604876,180107dd-4ec1-4364-b694-b2609a62c6d8
162,E07000140,South Holland,532910,322928,-0.03057,52.78758,754585539.225327,145693.667145428,03aae434-cf6f-4fbe-a3bb-7a9fb07ee66b
163,E07000141,South Kesteven,501406,328986,-0.49565,52.84885,942016151.783081,184693.748462722,fb2eabc3-1878-4436-9fca-91407cde52cd
164,E07000142,West Lindsey,499314,390326,-0.50774,53.40044,1158109284.88879,221131.57098712,cca73551-9021-4526-b900-6abc9f9d27b6
165,E07000143,Breckland,591015,303330,0.818716,52.59421,1301635048.58867,206994.66008804,3d38847d-3ed6-4c37-bc1a-7775fef02459
166,E07000144,Broadland,619864,315909,1.252317,52.69622,552430244.792938,166620.937104935,8acb5430-75b5-4634-b3c7-45a329ad4bc0
167,E07000145,Great Yarmouth,646761,315881,1.64951,52.68439,182196423.001465,73942.9458353855,fc1da9b6-a913-491b-a2bb-5bc1ebcc4987
168,E07000146,King's Lynn and West Norfolk,571219,315805,0.533243,52.71283,1432753273.84895,287891.30470923,dbd55c88-b821-4040-b34c-6c8f4324fab6
169,E07000147,North Norfolk,611076,330857,1.132099,52.83389,958233983.404312,229192.166309024,aa7eadea-dab1-4e01-a612-60cd2d425a56
170,E07000148,Norwich,622355,309773,1.284979,52.64013,39013151.4367371,35520.1863993806,5358d0da-31a9-4794-b9ab-77566adfa940
171,E07000149,South Norfolk,628990,295823,1.373233,52.51218,908232278.959427,197322.645126464,a99f4e8b-c4a1-4a65-bb41-37a3080f28c7
172,E07000163,Craven,389513,461989,-2.16168,54.05376,1183445028.68085,173493.031120216,8bc4cecb-4915-4a1b-8937-0b09ae7b2155
173,E07000164,Hambleton,443009,490546,-1.34049,54.30872,1309014777.24632,256073.292941543,34cd3a91-eb85-4a38-8ac7-eae1f7de56ef
174,E07000165,Harrogate,427473,464652,-1.58161,54.07708,1306604811.82491,211576.358139345,3afab35c-16ff-4734-83c3-6e1fa4ed738e
175,E07000166,Richmondshire,401039,495786,-1.98552,54.35761,1322210844.88812,196158.860431074,c9ff636d-c574-4c44-b343-e4246c32b827
176,E07000167,Ryedale,475590,478884,-0.84278,54.20016,1510246013.63756,220962.029815018,735cc556-e7f1-4287-822c-416395ed30e4
177,E07000168,Scarborough,495798,495548,-0.52778,54.3465,814838999.704178,199363.522474707,c4cb92f7-38cb-47b2-87a6-dee3b8d81ebd
178,E07000169,Selby,457551,426670,-1.12908,53.73327,606340342.182861,145972.383478094,e76cb62d-c0f2-4fb4-a3f4-247c33b9fd4f
179,E07000170,Ashfield,450035,355843,-1.25422,53.09747,108522403.749146,57593.0717804366,fd316b43-afa4-4611-924d-9e441ab666b4
180,E07000171,Bassetlaw,468073,384835,-0.9787,53.35604,639297045.672089,136468.872395384,7de431c6-295b-4aac-98e2-bba253e6f2b4
181,E07000172,Broxtowe,449829,341893,-1.25944,52.9721,79450647.74086,52747.4604870688,378e7033-05fa-43d2-b1fc-97f97ea9f318
182,E07000173,Gedling,459184,347811,-1.11907,53.02434,120120105.895264,59267.8599647837,5247c466-cfc4-4fc6-890e-c691972109a7
183,E07000174,Mansfield,455047,363637,-1.17804,53.16703,78367984.7778778,45444.6627976809,d823ec6b-3560-423a-acfe-7279e325915f
184,E07000175,Newark and Sherwood,470624,357451,-0.94643,53.1096,651136006.206589,159291.732758244,98d3f4dd-0a94-498c-b83e-507d76959697
185,E07000176,Rushcliffe,466606,335453,-1.01097,52.9124,410575266.204102,104457.668921033,e470f8f2-45ad-442d-8080-599d4acee7de
186,E07000177,Cherwell,449301,221201,-1.28506,51.8872,590763670.251472,184793.634700854,60dc237e-4e0a-42fb-91ad-7f91f26e894c
187,E07000178,Oxford,452277,206368,-1.24405,51.75357,45104804.17836,30242.8200285296,95b12e91-e54b-4c6e-b8ca-dabedd15b810
188,E07000179,South Oxfordshire,463890,191964,-1.07847,51.62288,676298218.311897,172245.156057909,5b99c1e4-c14f-416f-a639-ccbe850fb4c8
189,E07000180,Vale of White Horse,435693,195197,-1.48543,51.65443,582889684.770729,146016.475109116,92d51049-89cc-4284-a003-3944de6a2722
190,E07000181,West Oxfordshire,434343,215816,-1.50292,51.8399,713073679.60807,132447.034713829,e60a4978-e94d-47b4-b960-778279ebe154
191,E07000187,Mendip,362238,144090,-2.54178,51.19476,740774473.206623,164479.721956446,727af016-d2f1-4c73-a3a3-cc76b2876b38
192,E07000188,Sedgemoor,338429,143998,-2.88246,51.19186,567947916.535946,161099.042878625,c6894954-ce8d-4deb-ad72-239dcfcf7292
193,E07000189,South Somerset,345633,120798,-2.77588,50.98399,962162223.761246,195473.875795904,b807124d-5ae2-4886-bee6-d4cce9c79f61
194,E07000192,Cannock Chase,401261,311553,-1.98277,52.70166,79674051.0893326,41988.8442549197,25891e98-bb05-4b08-9cb5-d5d77c176444
195,E07000193,East Staffordshire,412601,326569,-1.81438,52.83651,394049050.302567,138083.089229006,bc62231c-f471-432a-82c9-18f2e5965022
196,E07000194,Lichfield,416283,310967,-1.76049,52.69615,328434382.097893,104021.7997167,f5eb131b-300c-461b-a7af-ea69882d1568
197,E07000195,Newcastle-under-Lyme,378199,345174,-2.32631,53.00345,210621411.87487,87776.1226300063,81471a2f-3b76-4bea-9239-4ec053e6fc2c
198,E07000196,South Staffordshire,389625,311037,-2.15495,52.69692,409479532.548073,152654.409541401,2b0acf2e-4b39-43d8-b133-6a905bc15bb7
199,E07000197,Stafford,389001,327836,-2.16475,52.84792,598925928.572121,128779.095671229,d1b21c17-ac93-46d7-8ed9-6dbbd06c81b2
200,E07000198,Staffordshire Moorlands,400543,352443,-1.99334,53.06924,576424488.111877,120005.143381141,0c4fcd4c-8d6d-451b-a185-91bcc29a2f17
201,E07000199,Tamworth,421455,302550,-1.68451,52.62031,30613950.5943451,25384.2619400378,0cfcf29b-03fc-4149-839e-9eea16e35164
202,E07000200,Babergh,599987,244692,0.916149,52.0645,595926597.592728,142718.724651503,02a15bd9-c8d3-4f62-b33e-909cdab2cd32
203,E07000202,Ipswich,617161,244456,1.166145,52.05592,40677965.3495636,30232.2865801174,a0476b57-67c1-48f6-86d5-0f940e1ae56e
204,E07000203,Mid Suffolk,611646,262338,1.096953,52.21859,873326150.149261,159692.397928015,f03dbe6a-a6c8-4bea-b7ea-371b05ed643d
205,E07000207,Elmbridge,511882,163658,-0.39441,51.36098,95445511.3989792,43265.2408594287,e606f10e-eb1d-47d9-bed1-97930cdb7ac3
206,E07000208,Epsom and Ewell,521176,161475,-0.26172,51.33945,34819401.8193893,26065.6990931327,b5c62aa7-6231-4d6b-b6c6-ad77a5a02506
207,E07000209,Guildford,500408,151481,-0.56257,51.25366,271962367.118828,104284.418643208,1686d745-cc4c-4cf4-b055-ad0bb4365a3b
208,E07000210,Mole Valley,518377,148953,-0.30603,51.22749,256063074.314537,84131.3618867024,8de6ba16-d640-4804-b523-91f13c6c0b9f
209,E07000211,Reigate and Banstead,525786,152574,-0.19871,51.25846,129075174.915642,61530.3919825942,ae5b133f-af31-43ca-ac6d-7fc3b022ec7e
210,E07000212,Runnymede,501777,166979,-0.53855,51.39273,79350129.2237167,37971.652042701,eb64432a-cbd9-496e-9570-6a454695a8a7
211,E07000213,Spelthorne,507012,169622,-0.46254,51.41552,51877643.375145,34315.0782152337,ede049aa-87fa-4b34-ac02-3d713960ff82
212,E07000214,Surrey Heath,491362,160483,-0.68986,51.3361,97022373.4408112,46464.6679289864,0cbca2ea-7d88-4b55-a324-85708e2cf411
213,E07000215,Tandridge,536365,150325,-0.04805,51.23581,247440298.172699,69708.3669301685,1da7bcd4-7abc-486a-88b9-02fae78f174a
214,E07000216,Waverley,496363,140635,-0.62343,51.15686,342983597.314541,102272.670803001,f1270b4a-f63f-43e1-828f-28c5b5607a6b
215,E07000217,Woking,499087,157542,-0.57982,51.30837,61706657.2486191,41474.9128572706,e7acf834-65c5-4a14-8171-4b48fa8398be
216,E07000218,North Warwickshire,425570,296399,-1.6242,52.56484,285090613.201317,96478.8786311029,1cc7db85-bf25-4799-96af-13c39c0011ff
217,E07000219,Nuneaton and Bedworth,435419,289352,-1.47965,52.50094,77956834.1938934,40985.6679039422,3ba0d781-d2b6-4418-b7a8-c19244e6c9aa
218,E07000220,Rugby,446498,276244,-1.31828,52.38228,349027687.605949,96983.0316142,e574995a-f35a-49b9-aa81-52c3c57cc192
219,E07000221,Stratford-on-Avon,425019,251536,-1.63565,52.16154,979059833.283134,217880.248967014,d005d3f2-73cf-4f36-9eab-a213c6379625
220,E07000222,Warwick,428484,267113,-1.58369,52.30142,283003908.76516,91460.343592473,ed7f78f2-8f10-401e-a4f4-970ccbe19e6a
221,E07000223,Adur,518076,106472,-0.32417,50.84572,40937981.5736275,30966.7808973588,d56eedd2-29d2-40f8-a6b8-5f0b952ba9a4
222,E07000224,Arun,495144,105723,-0.64999,50.84321,224127243.041924,96782.4958839363,44237115-6616-48bb-a136-d7daa16abc95
223,E07000225,Chichester,490285,116600,-0.7163,50.94177,788007626.397667,182940.576801384,2e3a025e-cfd5-42f4-8721-dc925139b557
224,E07000226,Crawley,526390,137581,-0.19533,51.12357,45831413.909523,33575.9682517556,97639011-2a5a-4cd2-80e8-a7b5deb62f0f
225,E07000227,Horsham,513674,123840,-0.38126,51.00272,530018507.857235,128161.261463293,2a0561ee-be71-4f76-9167-a083e0c0e2a0
226,E07000228,Mid Sussex,533054,130623,-0.10272,51.05953,336801967.572968,108959.570518841,0b50aeb6-7c57-45ad-93fd-133c4ce12021
227,E07000229,Worthing,512679,104948,-0.40127,50.8331,30624642.7356453,25749.2797978842,d1f4b4c9-b4b3-4e8f-9cea-3a3bc651942c
228,E07000234,Bromsgrove,399840,273736,-2.00376,52.36169,218023988.496216,90566.900071713,ec91ec36-a5a4-414a-ab37-a5b62724697d
229,E07000235,Malvern Hills,377465,252197,-2.33089,52.16758,579706572.19136,187651.848813362,114f95dc-4b1f-4c57-bbf6-b21d6d983da4
230,E07000236,Redditch,403705,265253,-1.9471,52.28541,55070558.6237106,32533.5085728282,851b0bd8-9402-4d3c-aeaf-09bd09fd3aa0
231,E07000237,Worcester,385725,255196,-2.21025,52.19482,34532194.7393646,23906.6671729286,60317c33-1f13-4faa-9afe-74c81857428a
232,E07000238,Wychavon,398991,247839,-2.01614,52.12886,659700140.73632,183892.585952766,50dcf59b-5b4a-4ce9-8100-92e58cc1535a
233,E07000239,Wyre Forest,384106,276388,-2.23494,52.3853,196196406.524147,82043.198217602,190f331e-8cdc-4a62-b8fd-f221930c5739
234,E07000240,St Albans,514580,209623,-0.3407,51.77356,158865081.033852,63002.6944980873,12c1f7e1-5e95-41c8-98a5-88da7af12616
235,E07000241,Welwyn Hatfield,525345,208467,-0.18518,51.76087,129449466.996658,69326.0652501545,9f6ad4a8-dc66-4091-a545-32fa5e8daf28
236,E07000242,East Hertfordshire,537995,220370,0.002739,51.86485,477741644.662628,112057.254533985,e6e01cab-00df-4c67-ac73-6b748bb0fb48
237,E07000243,Stevenage,524622,224531,-0.18987,51.90539,26823598.5602417,22050.0641720999,a02f06f5-0d66-4c55-8dc4-57a498ca4e26
238,E07000244,East Suffolk,636043,266272,1.456186,52.24399,1278864658.32988,247099.520843162,7e37914e-3fb3-45a7-81f9-68bd90382eec
239,E07000245,West Suffolk,580944,271124,0.652769,52.30842,1034497003.3124,220612.633129996,af455799-984c-4729-a730-7239169d82fa
240,E07000246,Somerset West and Taunton,304961,130227,-3.35764,51.06348,1191485033.98271,233159.422496141,a90b1d1e-b391-4a23-b484-135f7bfa56b6
241,E08000001,Bolton,368352,409873,-2.47952,53.58449,138708159.824478,64700.0074697278,f8e6d0ec-1536-4c8d-b55b-3ccba505cedc
242,E08000002,Bury,379658,410768,-2.3088,53.5931,100752127.925949,57024.0274383135,30ed3369-61a1-4b24-8979-c4b3faefa482
243,E08000003,Manchester,384591,397063,-2.23359,53.47009,111896483.89534,69388.1213474653,134b5dee-100f-4d8a-94b4-778f116dab8a
244,E08000004,Oldham,396603,406784,-2.05274,53.55768,144007886.504471,60961.3212193164,87719d04-4932-4e6a-8371-6b4926c08fff
245,E08000005,Rochdale,390315,412326,-2.14784,53.60741,156240283.738327,70323.7554055104,96d90d24-ce2c-43f4-b2a3-a4a1beedcde5
246,E08000006,Salford,374556,398128,-2.38485,53.47927,97967423.4044037,56607.3495517002,eb6d5617-7bcf-450f-a620-3aaef318b32a
247,E08000007,Stockport,391806,388264,-2.12467,53.39116,125536175.953476,56951.0021071987,ebfa50b8-44b8-45e8-81bf-8c2e143b2d5b
248,E08000008,Tameside,394987,397995,-2.077,53.47867,102159712.453125,43841.7215072139,4b4075be-b609-4b42-b937-430ac99dc91e
249,E08000009,Trafford,375790,391162,-2.36572,53.41671,108001387.968185,50772.1785340445,cad1e432-481c-40b6-ac2a-f54fe663ad4c
250,E08000010,Wigan,362136,402125,-2.57247,53.51444,188328973.256577,71520.5538638132,9d5cc1bf-458e-413e-a541-068b6de8f16f
251,E08000011,Knowsley,344762,393778,-2.83297,53.43788,86257984.1448288,57789.1015428372,ecfa76d9-e95d-4138-b412-316f213ac16d
252,E08000012,Liverpool,339361,390553,-2.91364,53.4083,112980832.469849,54582.8494067106,5be3be2b-d1f4-4653-b49c-c6edf1b4a6fc
253,E08000013,St. Helens,353412,395992,-2.7031,53.45862,135953986.422302,64907.3276202198,451a1ff7-4d13-4b37-b7c9-d442af4fe05a
254,E08000014,Sefton,334282,398832,-2.99177,53.4821,153865121.989342,98967.6978279877,543c0adf-ffa8-4c91-8a41-07afb2adb756
255,E08000015,Wirral,329110,386965,-3.06701,53.37478,155787476.549789,75458.0918585687,19a0aad9-f798-4c2f-96e0-1a3a1e4c8406
256,E08000016,Barnsley,429979,403327,-1.54925,53.52577,327231074.72963,106147.604198847,ba8e30a5-97aa-4310-be12-a51ec10f6f01
257,E08000017,Doncaster,459167,403735,-1.10894,53.52697,567276858.837433,116334.694715637,dcbfe3ef-3643-418f-bdd6-8dc4cf3db95d
258,E08000018,Rotherham,447542,388980,-1.28651,53.39553,289185610.615082,88845.2784942362,038e8679-a501-4d0e-a9a8-7fcb39198dc2
259,E08000019,Sheffield,430511,389736,-1.54254,53.40358,366749138.955704,114173.25353027,fdf506fb-4f2c-4c83-8fd7-e0cf6921ccb8
260,E08000021,Newcastle upon Tyne,422287,569661,-1.65297,55.021,113022356.462372,53420.2457391888,22f2195b-4dfd-4b11-9060-c816dddfb832
261,E08000022,North Tyneside,431471,570602,-1.50923,55.02896,83064513.7696991,58674.9413622598,16ae0013-2b3f-4a0a-b740-3564bba7b6cf
262,E08000023,South Tyneside,435514,564057,-1.44679,54.96988,61949083.2565613,37886.6841965796,a98e8aba-a16f-4170-b6f3-7aff6209cef2
263,E08000024,Sunderland,436470,551524,-1.43344,54.85719,136154963.80751,57180.9452742561,6ebc71cb-394c-461b-ae5a-288650b33c48
264,E08000025,Birmingham,408150,287352,-1.88141,52.48404,269027436.28521,88775.9618426748,15747124-b222-4654-a52b-329627553e8e
265,E08000026,Coventry,432807,279689,-1.51908,52.41423,99798597.2782974,43480.9731800478,8743fa6c-b648-437c-a82c-d781fa59e08b
266,E08000027,Dudley,393191,288584,-2.10171,52.49513,97265448.4213181,60124.4344425726,fd433e0d-290d-4984-80b4-f7c34eb38ea9
267,E08000028,Sandwell,399573,290764,-2.00771,52.51477,85221452.3997269,48305.4592804395,2861fa59-3994-4d04-a947-6af889228d82
268,E08000029,Solihull,419434,281483,-1.71558,52.431,177542128.965187,82694.8140121005,4d998d21-e3af-488f-b4ac-45c5c6d8cb31
269,E08000030,Walsall,402098,300804,-1.97044,52.60503,104027261.810837,49836.8728324194,cba5e553-68cb-4572-ab9a-c6a32cbc75b7
270,E08000031,Wolverhampton,391463,300016,-2.12746,52.59788,69466029.8598328,41126.770202078,57d58103-311f-4b05-b139-047b4c07c26e
271,E08000032,Bradford,408395,438626,-1.87389,53.84382,368387119.494095,113225.685201071,649077ce-788f-40a6-a496-26c6775d2f35
272,E08000033,Calderdale,402617,424896,-1.96182,53.72048,367618488.008057,94050.2464460112,974623c9-f7ed-46e6-9297-42788d043936
273,E08000034,Kirklees,414586,416223,-1.78085,53.64233,405306568.404007,106837.59374036,f2aabab3-bdbe-49f0-a84f-22b885381e70
274,E08000035,Leeds,432528,436384,-1.50736,53.82273,550578445.965973,133752.877302456,82038673-7a96-4aa3-a8b2-3e739fb43fc6
275,E08000036,Wakefield,438366,418235,-1.42092,53.65922,337270080.584656,90462.2525069475,446b1793-238a-426f-94b1-4f50f42e3302
276,E08000037,Gateshead,420158,559652,-1.68696,54.93115,147489164.600525,67924.5274219675,7503621b-3cb4-4980-866c-162ab068a752
277,E09000001,City of London,532381,181359,-0.09353,51.51565,2675582.10298157,6902.68409900948,269a4aed-1feb-4abf-9b7e-a9326e2e4495
278,E09000002,Barking and Dagenham,547757,185111,0.129479,51.54555,36356431.2466202,31248.4775049711,6191de96-cca0-4080-a482-4cda99bc3f6e
279,E09000003,Barnet,523472,191753,-0.21821,51.61108,86641766.0761642,41837.8132072241,e632cf03-e891-4117-b3fc-82d95ceda05d
280,E09000004,Bexley,549202,175434,0.146212,51.45822,61714804.8953247,36625.5858281473,7adafe38-df73-4007-932d-c0347fbd7812
281,E09000005,Brent,519615,186468,-0.27568,51.56441,44168306.0241623,33233.921351762,371e60fb-df69-47b2-8980-8e675efaa272
282,E09000006,Bromley,542036,165708,0.039246,51.37267,150184093.868736,63027.2867133861,c0a52746-d527-4c3e-a6a9-4df625db7634
283,E09000007,Camden,527492,184284,-0.16289,51.54306,21274328.3790436,22056.6269606939,066408fb-f532-41ec-8769-aed7e75a8a41
284,E09000008,Croydon,533922,164745,-0.07761,51.36598,85994798.00354,46723.4912731969,e3396c40-35ff-4f1c-b4c4-8d69f125d0b2
285,E09000009,Ealing,517057,181960,-0.31407,51.52443,54712369.9977798,39308.2702585722,9ae31c9d-3aa2-4f5d-a2aa-335b56fdc560
286,E09000010,Enfield,532829,196197,-0.08147,51.64888,83022894.4619141,37692.8976368125,aa0c4041-9387-486c-8f70-6dc1e51457a5
287,E09000011,Greenwich,542507,175879,0.050093,51.46394,47345773.6155243,37947.829389987,4b45f428-dded-4409-adb1-0333486daf5a
288,E09000012,Hackney,534560,185787,-0.06045,51.55492,19832896.8065872,21348.6675061688,e5606de2-9d9f-42df-a12e-33b75a64a8dc
289,E09000013,Hammersmith and Fulham,523867,177993,-0.21735,51.48733,17336402.2932053,20309.6770355554,8e66458c-668b-4ce7-8568-7331c7f1b682
290,E09000014,Haringey,531262,189349,-0.10667,51.58771,28654586.8856888,25649.8358041055,56e82d3d-d016-461c-9ef2-184f4aad52de
291,E09000015,Harrow,515356,189736,-0.33603,51.59467,51786628.0410614,31190.6195336716,22ebf6af-a47f-47f5-a3b4-187cc30e86e7
292,E09000016,Havering,555032,187514,0.235368,51.56519,113336955.40773,58260.9154217332,d00e3d73-ee38-4cf0-aa20-a41cdd579271
293,E09000017,Hillingdon,508166,183120,-0.44182,51.53663,115522200.899529,55989.0710362221,1a00cd93-b47a-4157-a6ee-24b22fcdaa12
294,E09000018,Hounslow,512742,174965,-0.37847,51.46243,56812520.0048828,46709.9825942823,f963a1f2-d8b7-45c9-a9f1-7cc907d97d41
295,E09000019,Islington,531158,184647,-0.10992,51.54548,15151971.1017151,17530.873905634,703c464a-3a8b-4b66-a140-837d187deddb
296,E09000020,Kensington and Chelsea,525757,179053,-0.18976,51.49644,11395764.0464401,17854.2679849299,0034914b-d14c-4496-aae0-aad6f90b0c77
297,E09000021,Kingston upon Thames,519508,167389,-0.28367,51.39296,38008804.8679199,33047.9155350811,2eceefbc-b840-4870-bf0a-d641fcb899ff
298,E09000022,Lambeth,531117,175629,-0.11386,51.46445,27175334.1424026,28901.294043691,2aabbfe4-4854-43d6-ae31-797c14067f86
299,E09000023,Lewisham,537889,173344,-0.01733,51.44231,34352484.2408676,30916.7695537588,7951f1e0-9ca8-48c3-83a2-bf4c6e96b90b
300,E09000024,Merton,526069,169507,-0.18867,51.41057,37359913.6960068,27901.825788049,647f2c9b-081d-4a5b-be0a-f54baf8ab3c1
301,E09000025,Newham,540714,183344,0.027275,51.53147,36938391.3363647,25879.7290856942,873a56ce-8e25-45d4-9615-331637320887
302,E09000026,Redbridge,543512,189477,0.070085,51.58588,57732805.7870102,36048.3043464888,bb7ed35e-8e33-46fc-9585-f1b6f1e2733c
303,E09000027,Richmond upon Thames,519005,172650,-0.28914,51.44035,57363994.8736877,45211.1373297331,69cfa187-2ad2-4672-bce5-fa32ffc39a1a
304,E09000028,Southwark,533945,175863,-0.07309,51.46589,29748660.359642,28143.1870899476,6e5a630a-3a8a-4f35-8b56-0ae3df5f3cc2
305,E09000029,Sutton,527356,163640,-0.17227,51.35756,44475239.2622833,32956.0710309906,48bdf480-903f-4736-88f3-31e6c3693c53
306,E09000030,Tower Hamlets,536340,181452,-0.03647,51.51554,19288119.9566193,22595.0928067308,6267db7b-f8db-4874-99a2-8f6aad894afb
307,E09000031,Waltham Forest,537327,190277,-0.01881,51.59461,39258811.4719925,28340.8692524227,59a64cb6-e45b-47a1-9271-b47ed7164814
308,E09000032,Wandsworth,525151,174138,-0.20023,51.4524,35090262.0678177,33007.0706188886,7e963ac1-39e3-421a-ba44-aa3e0e0d542d
309,E09000033,Westminster,528268,180870,-0.15295,51.5122,22893192.0750961,22650.1710994432,754ac646-4e2b-4dca-bf30-237fdb345cb1
310,N09000001,Antrim and Newtownabbey,130813,541285,-6.1776,54.69386,725799509.438972,145230.911089001,6e75f7d3-e896-4e29-bb85-79ec24a724a4
311,N09000002,"Armagh City, Banbridge and Craigavon",112110,508158,-6.43455,54.3867,1436133596.94844,200894.188676107,c50f8296-01be-4466-93f2-ff9048532a14
312,N09000003,Belfast,146465,529747,-5.92535,54.59853,137793211.378029,55368.3406467658,ea10b191-f126-4640-8c67-0ea839200481
313,N09000004,Causeway Coast and Glens,106168,581420,-6.5996,55.03962,1985246185.58913,285673.887081582,7f9fe868-477f-44cb-9f39-0a27e47a4f8a
314,N09000005,Derry City and Strabane,51779,559566,-7.42064,54.80904,1246253551.1757,232619.968058322,f53903b4-81a9-4eaf-bc64-a44e17360d27
315,N09000006,Fermanagh and Omagh,41233,513013,-7.5271,54.38521,3008098448.9519,353030.33614691,90e81299-142b-4206-a47f-bc56e77ec959
316,N09000007,Lisburn and Castlereagh,138712,518920,-6.03545,54.49752,511678825.677032,133180.971163027,17dac1be-b3f3-4a55-90cd-165607aa0505
317,N09000008,Mid and East Antrim,133943,560151,-6.14645,54.86462,1064497679.16619,198440.24053613,2586a0b1-33f4-4e91-a417-aa023c202b20
318,N09000009,Mid Ulster,83920,528564,-6.8889,54.55273,1960344282.72563,267948.60966111,f7ba6996-b81a-46a9-b918-db37fce6f111
319,N09000010,"Newry, Mourne and Down",133006,480432,-6.08891,54.14953,1685889310.54677,292700.749270653,b50c0c4b-0cde-4fc8-8490-1f9536f1da05
320,N09000011,Ards and North Down,164321,524944,-5.64568,54.56409,567244452.502426,132773.819053522,16bd0ce0-d3f8-4c08-9978-cfd3f700f293
321,S12000005,Clackmannanshire,291178,696402,-3.75316,56.14784,161789211.529739,74434.9163535594,9c88840b-bcb7-46aa-a7f9-94385917b291
322,S12000006,Dumfries and Galloway,270645,579856,-4.02863,55.09621,6441600695.08096,689147.98896988,b22a3eae-5440-4138-83a9-fa42123f1c84
323,S12000008,East Ayrshire,255398,624935,-4.29057,55.49674,1273186287.96204,276604.119072376,0569aec4-d79b-4fa6-9541-a0c307ed9e80
324,S12000010,East Lothian,354854,672351,-2.72435,55.94207,678377343.974655,149383.4342567,f6a67496-6705-476b-a26e-e30288a0d16f
325,S12000011,East Renfrewshire,251930,653115,-4.36058,55.74868,175675714.769775,75233.9583350049,702d6de5-39cb-4492-ad12-91fdf62db7e2
326,S12000013,Na h-Eileanan Siar,126473,932862,-6.65722,58.19938,3001046951.76911,1667592.92105215,8ae89881-dc03-4564-b0bb-9732ff0ffc75
327,S12000014,Falkirk,285585,680170,-3.83619,56.00077,296654130.543503,117862.976958436,8db8392d-5125-4a40-9b7e-22eb43088c3c
328,S12000017,Highland,241018,858292,-4.66103,57.58657,26131432689.8415,3132445.792393,9c343ddf-a4af-4a2e-a0ce-645d4967afb4
329,S12000018,Inverclyde,227922,670894,-4.75387,55.9003,162791713.783569,60961.5555776842,8cdc8080-d78e-4c94-bb4e-7e02f723a9e3
330,S12000019,Midlothian,330088,659217,-3.11738,55.82111,354813382.740219,110234.222578692,ed2ec9e9-8b4b-444f-bb07-828040865829
331,S12000020,Moray,328015,843590,-3.20202,57.4768,2243292153.99892,356235.802890402,913b0ab1-d87a-4e73-bb16-68e34eecec3d
332,S12000021,North Ayrshire,228996,651640,-4.7246,55.72789,879951137.427269,256015.982686718,a21035bd-9462-4946-a7e1-449311613351
333,S12000023,Orkney Islands,348293,1006584,-2.90025,58.94334,996240660.407089,772115.919552047,b1c45446-0e04-4dc0-9fc5-6f22200bfef5
334,S12000026,Scottish Borders,345889,626137,-2.85869,55.52595,4743974771.00401,430326.421336355,385d94bd-26ac-42e5-a9bc-cf3001310186
335,S12000027,Shetland Islands,434516,1180307,-1.37344,60.50495,1434926277.31546,1195015.00722392,fb3bc0b2-902c-4b18-8edf-e9f8271d5881
336,S12000028,South Ayrshire,226545,596271,-4.72899,55.23008,1224190176.93253,252242.020307066,4ac2fe46-ba2d-427e-941b-bb8b1b7f4346
337,S12000029,South Lanarkshire,284634,636071,-3.83272,55.60453,1771548254.93547,247587.171999761,6bf8a8f9-e682-4e27-8b2e-8ac7100ec71f
338,S12000030,Stirling,255980,708769,-4.32595,56.24953,2259083270.51456,286927.461426113,c1d5e544-f4d5-4c6f-b3b5-18cab9baa4e1
339,S12000033,Aberdeen City,387763,808479,-2.20398,57.16697,186393298.769135,88344.2399067634,bc868205-08c7-47a9-88af-6cf72d57fbc8
340,S12000034,Aberdeenshire,352284,816277,-2.79208,57.23469,6319466432.12119,561958.3823218,e9d43203-2a53-46ca-a3a6-762a33027034
341,S12000035,Argyll and Bute,200740,715443,-5.22114,56.28944,6952322918.48836,2199834.44094371,9cae7aff-734f-4f54-a77e-ca1ea5158c76
342,S12000036,City of Edinburgh,320193,669417,-3.27826,55.9112,263279917.719955,88857.1885844503,53d268ba-9790-4a32-9dec-e0a69721217a
343,S12000038,Renfrewshire,239305,664698,-4.56834,55.84862,269213327.291229,89241.0445535933,283d8bd4-3d27-484e-9bfb-dccffb07be9e
344,S12000039,West Dunbartonshire,242904,681586,-4.52074,56.0014,179410461.565552,72677.969966369,a3848094-aedb-4433-87aa-8be0c08ecee0
345,S12000040,West Lothian,299483,668514,-3.60909,55.8992,427111971.934174,113061.862542616,48ecd52a-d77c-45d9-9fec-28b4dc58628e
346,S12000041,Angus,345506,759636,-2.8921,56.72518,2194013928.68672,244262.010443208,0dceb4df-68f8-4869-af22-c9bbce00f358
347,S12000042,Dundee City,340291,732145,-2.97095,56.4776,57825447.6599426,39639.0892154432,16b99d17-770b-467a-9711-f95dbff3f2db
348,S12000045,East Dunbartonshire,261240,676154,-4.22417,55.95829,174167614.36441,83226.1959972311,6d37af55-2533-44eb-81a6-7521e8fb180d
349,S12000047,Fife,339187,704721,-2.98251,56.23112,1322412673.54166,248948.59837018,35939f62-f8cd-4277-80cb-8b0380ad31b1
350,S12000048,Perth and Kinross,284302,744185,-3.88484,56.57528,5385250727.74651,483320.913111549,91eec93c-474d-4476-af71-aa2b9b574a4b
351,S12000049,Glasgow City,261534,667033,-4.21479,55.87649,178529511.201935,87927.1595406479,26e19240-0950-4239-aa73-a74c05ef2b40
352,S12000050,North Lanarkshire,277984,665608,-3.9514,55.86814,469802176.539185,138699.229311335,830c6884-c567-466e-8373-e753c93663b1
353,W06000001,Isle of Anglesey,245217,378331,-4.32298,53.27931,708335626.504578,208430.939961231,8126709a-c477-4bef-95e7-093285104af8
354,W06000002,Gwynedd,280555,334966,-3.77715,52.89883,2549541008.5642,429759.256025879,30ccb734-1b80-4367-b909-81344b14e91c
355,W06000003,Conwy,283293,362563,-3.74646,53.14739,1136877378.6248,196027.19833302,c72bdcb2-a2cc-47e6-b076-f38dde44f9a4
356,W06000004,Denbighshire,309843,355416,-3.34761,53.08833,834288014.837555,188202.095367693,793a1f51-2f98-4e7b-b460-7d6137293e6c
357,W06000005,Flintshire,321134,369280,-3.18248,53.21471,435981046.039246,137015.37328261,01cf0078-a6e7-4d08-b343-81d36a8a388a
358,W06000006,Wrexham,333523,345387,-2.99203,53.00167,506884079.636246,155283.293441067,25f2369e-e2ec-44f1-86d0-45834489f0c9
359,W06000008,Ceredigion,267127,268437,-3.94993,52.29795,1782536747.47916,260666.821241105,f55de388-ca50-4b55-8852-49090fdb71b6
360,W06000009,Pembrokeshire,199821,221392,-4.90818,51.85513,1626516372.0607,372677.724694655,d86f6b4c-8b7e-482f-8e5f-5841a721c225
361,W06000010,Carmarthenshire,247954,224133,-4.2111,51.89495,2369477694.21259,321941.625011311,868e6d55-5e12-47c3-a262-580bc10439cb
362,W06000011,Swansea,264022,197308,-3.96723,51.65806,377537845.586254,150708.807398891,5561d8d8-b7c0-4ee6-8333-ca149a00c456
363,W06000012,Neath Port Talbot,279261,195412,-3.74638,51.6445,446695990.189709,121351.917740366,beba0320-2330-4633-8d60-5bb5c6c1fd0f
364,W06000013,Bridgend,288231,185870,-3.61375,51.5606,249582321.109837,76696.2194871131,e1bdac1b-9546-460b-a155-35360554ac0d
365,W06000014,Vale of Glamorgan,302947,173080,-3.39801,51.44836,330462444.585052,90397.2110633385,110424e3-2b1d-412f-a26c-475b826e45ea
366,W06000015,Cardiff,315272,178887,-3.22209,51.50254,142327423.503551,60184.4478584602,62dc5579-9476-4032-8e8f-c1d96bf12ca6
367,W06000016,Rhondda Cynon Taf,302237,192395,-3.41359,51.62185,422322765.345913,112336.533505479,6c1ed54f-976c-457a-85e7-2ab2075587e2
368,W06000018,Caerphilly,317245,195259,-3.19753,51.65001,277815223.663692,98224.8478429013,7c72daf1-057a-4f2f-b1ec-42dd05cb0865
369,W06000019,Blaenau Gwent,318236,206771,-3.18592,51.75364,109273372.239006,58166.9529683021,e1fced21-c85f-42f6-82ef-6cb06ee9261b
370,W06000020,Torfaen,327459,200480,-3.05101,51.69836,125716747.279713,68469.967277748,29789ab5-94c7-4836-b2e4-72f264c57f9d
371,W06000021,Monmouthshire,337812,209231,-2.9028,51.77827,855043434.288441,183168.243520537,c8b9893b-1fb1-47a3-acd2-091469ba2801
372,W06000022,Newport,337897,187432,-2.89769,51.58231,191842534.42783,87835.3621556958,19b7f9d4-5901-4fd6-8ad9-bb13fb9fbe1e
373,W06000023,Powys,302329,273255,-3.43531,52.34864,5199756043.80872,504309.713750635,e2af71d6-5289-4122-b892-7d6ea1dabdeb
374,W06000024,Merthyr Tydfil,305916,206424,-3.36425,51.74858,113429637.641808,59195.1344651932,de5f237b-c43b-4e6e-8e7d-00d82cc97df7
